orgname	name
18f	api.data.gov
18f	omniauth-myusa
18f	PriceHistoryAPI
18f	MorrisDataDecorator
18f	fbopen
18f	fbopen-widget
18f	PriceHistoryGUI
18f	PriceHistoryAuth
18f	MicroP3ApiUser
18f	API-Usability-Testing
18f	pif-app
18f	ifgovthenthat
18f	18f.gsa.gov
18f	18f.github.io
18f	brutus
18f	Mario
18f	afsmallbiz
18f	API-All-the-X
18f	api-standards
18f	sbhub
18f	scrapebox
18f	C2
18f	RandomizeBasedOnZipcodeFromIPAddress
18f	afsbirez
18f	beckley
18f	PriceHistoryInstall
18f	myusa
18f	Digital_Coworking
18f	bronto-api
18f	answers
18f	scratch
18f	github-in-government
18f	foia
18f	bronto
18f	dodsbir-scrape
18f	g-analytics
18f	fbopen-docs
18f	design
18f	cookbooks
18f	rectangle
18f	foia-design
18f	foia-hub
18f	foia-search
18f	javascript-lessons
18f	docker-es
18f	doi-extractives-data
18f	parse-shopping-list
18f	discovery
18f	FEC
18f	answers-ruby-client
18f	vagrant-chef-elasticsearch
18f	fbopen-python
18f	myra
18f	pyfpds
18f	fec-graph-search
18f	openFEC
18f	https
18f	aaa-exp-proto1
18f	FAB
18f	dashboard
18f	consulting
18f	mock-pay
18f	hackathontrainingday
18f	how-to-work-with-18f
18f	Sendak
18f	shipper
18f	gsa_auctions_gem
18f	frontend
18f	inclusive-design-guide
18f	open-opportunities-theme
18f	starter-ui
18f	bulk-storage
18f	openFEC-web-app
18f	shipper-cookbook
18f	pif3-oct-apprentice
18f	pif3-oct-whibrary
18f	code-of-conduct
18f	mirage-cookbook
18f	peacecorps-placeholder-images
18f	up
18f	rdbms-subsetter
18f	sendak-usage
18f	analytics-proxy
18f	myusa-cookbook
18f	18fconsulting-proto-3
18f	api-playground
18f	calc
18f	email-to-github-issues
18f	data-public
18f	ckanext-formats
18f	analytics-reporter
18f	domain-scan
18f	flakes-flask
18f	usps-proxy
18f	hub
18f	midas-cookbook
18f	hourofcode
18f	data-validator
18f	hash-joiner
18f	usps-api-notes
18f	analytics.usa.gov
18f	docker-fugacious
18f	weekly_snippets
18f	before-you-ship
18f	dashboards-on-demand
18f	team_hub
18f	test_temp_file_helper
18f	sendak-touch
18f	jekyll_pages_api
18f	automated-testing-playbook
18f	cg-docs
18f	accessibility
18f	tock
18f	grouplet-playbook
18f	ficam-openid
18f	agile
18f	training
18f	guides
18f	api-program
18f	tourney
18f	cf-deploy
18f	data-inventory
18f	cg-manifests
18f	doc_processing_toolkit
18f	myths
18f	testing-cookbook
18f	agile-labor-categories
18f	data-act-schemas
18f	hackathons
18f	project-monitor
18f	usds-hub
18f	myusa-ux
18f	protosketch-demo
18f	urlsize
18f	metascraper
18f	laptop
18f	cg-harden-boshrelease
18f	pulse
18f	ideas
18f	scorecard
18f	d3-technical-debt
18f	cf-sinatra-ci
18f	financial-models
18f	mapwarper_metadata
18f	abb
18f	data-act-sf133
18f	r2s
18f	continua11y
18f	cg-scripts
18f	jekyll-get
18f	eiti-data
18f	data-act-workshop
18f	slides
18f	rds-service-broker
18f	myusa-coming-soon
18f	project-monitor-helper
18f	analytics-standards
18f	508-procurement-playbook
18f	sslmate-cookbook
18f	core-values
18f	fees-and-labor-rates
18f	autoapi
18f	dol-whd-foh
18f	guides-template
18f	pa11y-reporter-ci
18f	node-sauce-template
18f	WMSViewer
18f	methods
18f	data-act-pilot
18f	pages
18f	jekyll-search-server
18f	what-is-devops
18f	joining-18f
18f	procurement-glossary
18f	lean-product-design
18f	charmander
18f	docker-elasticsearch
18f	hubot-cf-notifications
18f	sbirez-prototype
18f	fec-alpha
18f	gitter
18f	ekip
18f	cf-hello-worlds
18f	cg-quotas-db
18f	data-act-csv-export
18f	ekip-api
18f	record-locator
18f	billing-tools
18f	military-onesource-federalist
18f	citysdk-innov-district
18f	web-design-standards
18f	jekyll_pages_api_search
18f	cg-cf-release
18f	agile-solicitation-builder
18f	federalist
18f	jekyll-data-migrate
18f	ads-bpa
18f	data-act-usaspending
18f	cf-provision-user-space-plugin
18f	open-data-maker
18f	college-choice
18f	myusa-rails-example
18f	wg-testing
18f	web-design-standards-assets
18f	devops-assessment
18f	iaa-gem
18f	design-principles-guide
18f	noaabigdata-code
18f	cg-cron
18f	json
18f	case-study-guide
18f	iaa-forms
18f	content-guide
18f	gittem-gitlab
18f	gittem-view
18f	cg-secureproxy-boshrelease
18f	e-manifest
18f	CMS.gov-developer
18f	certificate-service
18f	site-data
18f	cg-deck
18f	edu-accessibility
18f	iaa-mvp
18f	dev-environment
18f	data-act-pilot-prototype
18f	open-source-guide
18f	govconnect
18f	federalist-content-guide
18f	data-voyage
18f	jekyll_frontmatter_tests
18f	cf-blue-green
18f	iaa-mvp-buildpack
18f	fec-style
18f	iaa-pdf-api
18f	cg-landing
18f	pa11y-scan
18f	edu
18f	fec-cms
18f	guides-style
18f	wg-documentation
18f	wg-working-groups
18f	go_script
18f	pyHappyOrNot
18f	contracting-cookbook
18f	peek-delayed_job
18f	css-linter
18f	CMS-APIs
18f	bpa-dash
18f	intake
18f	about_yml
18f	team_api
18f	tech-talks
18f	epa-emanifest-data
18f	e-manifest-cromerr-client
18f	federalist-modern-team-template
18f	file-locked-operation
18f	atf-eregs
18f	cf-service-proxy
18f	osbu-forecast
18f	cf-events
18f	lambda_map_reduce
18f	development-guide
18f	qna
18f	pdf-forms-tutorial
18f	dolores-landingham-bot
18f	risk-management-framework
18f	dol-form226-validator
18f	cg-s3-proxy
18f	cf-gitaware
18f	linkify-citations
18f	forecast
18f	cf-elk-proxy
18f	joining-18f-app
18f	pages-server
18f	lumbergh
18f	fec-proxy
18f	github-webhook-validator
18f	3d-files
18f	feedback-widget
18f	oauth2_proxy_authentication_gem
18f	oauth2-proxy-authentication-npm
18f	hmac-authentication-npm
18f	hmac_authentication_gem
18f	hmacauth
18f	hmacproxy
18f	brand
18f	labor-viz
18f	hmac_authentication_py
18f	micropurchase
18f	SEC.gov-developer
18f	federalist-docker-build
18f	authdelegate
18f	code-style-guide
18f	devops-workshop
18f	authentication
18f	team-api-server
18f	wg-agiledesign
18f	glossary
18f	micropurchase-temp
18f	partnership-playbook
18f	handbook-urls
18f	web-design-standards-drupal
18f	us_web_design_standards_gem
18f	cg-sandbox-bot
18f	federalist-builder
18f	confidential-survey
18f	sheet-to-csv
18f	infrastructure-modernization
18f	gapps-download
18f	cg-compliance
18f	wg-api
18f	onboarding-documents
18f	pulse-accessibility
18f	emoji_search
18f	digital-team-playbook
18f	death-star
18f	minion-nessus-plugin
18f	cg-stats-scripts
18f	discussions
18f	dev-environment-standardization
18f	g-content
18f	discover-our-work
18f	wg-diversity
18f	wg-dataservices
18f	angrytock
18f	cg-pipelines
18f	compliance-toolkit
18f	accordion
18f	docker-ruby-ubuntu
18f	about-yml-validator
18f	feedback.js
18f	github-issue-lifecycle
18f	how-to-deploy
18f	id_wireframe
18f	wg-volunteer
18f	proto-lei
18f	hubot-slack-github-issues
18f	unit-testing-node
18f	fec-eregs
18f	cf-go-cron
18f	Navy
18f	checklistomania
18f	product-guide
18f	federalist-docs
18f	openopps-docs
18f	samwise
18f	ca-child-welfare-solicitations
18f	concourse-compliance-testing
18f	objectives-and-key-results
18f	engineering-team-faq
18f	blogging-guide
18f	fpds-getter
18f	test-repo
18f	cg-style
18f	elasticsearch-rails-ha-gem
18f	private-eye
18f	edu-measure-content
18f	federalist-design
18f	edu-voice-and-tone
18f	micropurchasedata
18f	pa11y-crawl
18f	wg-onboarding
18f	wg-identity
18f	security-group-test-app
18f	trello-card-velocity
18f	beta.18f.gov
18f	ffd-toolkit
18f	auctioneer
18f	contracting-cookbook-client
18f	18f-cli
18f	identity-idp
18f	caddy-boshrelease
18f	micropurchase-api-docs
18f	about-yml-editor
18f	federalist-build-js
18f	c2-master-detail
18f	karass
18f	micropurchase-deck
18f	fedramp-micropurchase
18f	compliance-docs
18f	lunr-server
18f	circle-wdio-federalist
18f	plain-language-tutorial
18f	internal-air-traffic-control
18f	bpa-trello
18f	analytics-reporter-example
18f	cg-style-gem
18f	c2-redirect
18f	fpki-testing
18f	cg-deploy-concourse-docker-image
18f	compliance-viewer
18f	cg-deploy-compliance-documentation
18f	epa-notice
18f	cg-pipeline-tasks
18f	ffd-microsite
18f	standup-bot
18f	cg-deploy-monitoring
18f	cg-deploy-concourse
18f	cg-deploy-cf
18f	team-browser
18f	cg-deploy-discourse
18f	products-platforms
18f	knowledge-sharing-toolkit
18f	travel-form
18f	deduplicate-tock-float
18f	pa11y-rails
18f	elasticsearch-indexstager-gem
18f	cg-common-resource
18f	us-federal-holidays
18f	cg-deploy-logsearch
18f	videochat-mute-manager
18f	drmaas
18f	cg-postmortems
18f	coffeemate
18f	climate-labs
18f	joining-epa
18f	s3-resource-simple
18f	bpa-fedramp-dashboard
18f	cg-deploy-admin-ui
18f	pages-shell
18f	fec-cloud
18f	pulse-accessibility-data
18f	cg-deploy-influxdb-firehose-nozzle
18f	cg-deploy-bosh
18f	hub-v2
18f	public-comments
18f	transformation-services
18f	writing-lab-guide
18f	NTIS-Data-Services-Project
18f	atc-trello
18f	meta
18f	cg-nessus-agent-boshrelease
18f	hubot-scripts-us-federal-holiday
18f	pa11y-reporter-full-json
18f	htsql-docker
18f	14c-prototype
18f	gh-traffic
18f	ogp-payroll
18f	ogp-payroll-server
18f	cg-product
18f	pa11y-docker
18f	ntis-dea
18f	c2-api-client-ruby
18f	chat
18f	cg-application-ssp-example
18f	rugged-devops
18f	strategy-chapter
18f	acq-templates
18f	cap-api-docker
18f	GSA-Certifications
18f	cg-atlas
18f	trello-webhook-server
18f	wds-ia-summit-presentation
18f	chandika
18f	identity-idv
18f	legalese
18f	cfpb-eprocurement
18f	cg-ossec-boshrelease
18f	template-form
18f	cf-env-parser-buildpack
18f	identity-sp-sinatra
18f	microviz
18f	vote-gov
18f	frontend-slides
18f	cg-tripwire-boshrelease
18f	golang_workshop_irl_2016
18f	e-manifest-spring
18f	openopps-design
18f	cg-deck-docker-images
18f	bug-bounty
18f	cg-uaa-invite
18f	acq-trello-listener
18f	projects
18f	cg-provision
18f	identity-dashboard
18f	transformation-research
18f	humans-of-18f
18f	cg-agent-q
18f	cg-encrypt-blobstore-boshrelease
18f	innovation-toolkit-demo
18f	cf-cdn-service-broker
18f	onepage-opensource
18f	identity-dev-docs
18f	cg-design
18f	raktabija
18f	cg-bootstrap-concourse-ami
18f	stylelint-rules
18f	web-design-standards-ux
18f	pa11y-lambda
18f	cg-awslogs-boshrelease
18f	vote-gov-ux
18f	pa11y-lambda-cluster
18f	project-planner
18f	dotgov-list-node
18f	wg-security
18f	18f-reveal.js-theme
18f	cg-deploy-bots
18f	acqstackdb
18f	cg-deploy-docker-swarm
18f	request-circuit
18f	identity-sp-rails
18f	html-proofer-docker
18f	sslyze-docker
18f	phantomas-docker
18f	site-inspector-docker
18f	security-disclosures
18f	cg-nessus-manager-boshrelease
18f	identity-proofer-gem
18f	cg-deploy-nessus-manager
18f	cg-riemannc-boshrelease
18f	digitalaccelerator
18f	cg-newrelic-boshrelease
18f	eregs-platform
18f	ED-API-Program
18f	state-child-welfare-faq
18f	s3-encryptor
18f	acquisitions
18f	cg-snort-boshrelease
18f	bpa-DOL-WHD-14-c
18f	fec-transition
18f	acq-templates-from-trello
18f	fec-shipper
18f	reheader
18f	trello_utils
18f	identity-sp-python
18f	talent-reporting-product
18f	digital-acquisition-playbook
18f	tock-blocks
18f	clone_army
18f	cg-deploy-diego
18f	dns
18f	react-redux-event-demo
18f	bpa-identity-management
18f	paper-rhino
18f	cg-fake-uaa
18f	ED-Developer-Hub
18f	cg-skyporter
18f	django-admin508
18f	gov-repo-langs
18f	hhs-acf-uc-api
18f	hhs-acf-uc-dashboard
18f	cookiecutter-django-rest
