orgname	name
adlnet	LR-Data
adlnet	3D-Repository
adlnet	ADL_LRS
adlnet	RUSSEL
adlnet	Sandbox
adlnet	experienceapi_client_examples
adlnet	xAPI-Spec
adlnet	xAPIVerbs
adlnet	xAPIWrapper
adlnet	xAPI_LRS_Test
adlnet	xapiwrapper-node
adlnet	DECALS
adlnet	xci
adlnet	xAPI-Dashboard
adlnet	LR-Lite
adlnet	jxapi
adlnet	xapi-jqm
adlnet	SCORM-to-xAPI-Wrapper
adlnet	lrs-conformance-test-suite
adlnet	Table-XBlock
adlnet	edx-xapi-bridge
adlnet	xAPI-SCORM-Profile
adlnet	xapi-cop-charter-template
adlnet	xAPI-CoP-Charter
adlnet	xAPI-Android-Roses
adlnet	xapi-lab
adlnet	xapi-statement-viewer
adlnet	SCORM-to-TLA-Roadmap
adlnet	HPIT-python-client
adlnet	adlnet.github.io
adlnet	MarsgameSandbox
adlnet	SCORM-2004-4ed-Test-Suite
adlnet	SCORM-2004-4ed-SampleRTE
adlnet	SandboxDocs
adlnet	xapi-youtube
adlnet	SandboxAssetServer
adlnet	xapi-bootcamp-2015
adlnet	IITSEC2015_Demo
adlnet	xAPI-Fridge
adlnet	Starting-from-SCORM-A-Developers-Guide
adlnet	Intro-to-Developing-Web-based-xAPI-Content
adlnet	xapi-launch
adlnet	companion-specification-for-xapi-vocabularies
adlnet	experience-xapi-vocabulary-primer
adlnet	vocab-server
