orgname	name
agrc	agrc.widgets
agrc	StubModule
agrc	SdeTimer
agrc	AGRCJavaScriptProjectBoilerPlate
agrc	AutomatedCaching
agrc	agrc.ijit
agrc	AddressPointEditor
agrc	SendEmailService
agrc	GeocodingSample
agrc	ArcGisServerPermissionsProxy
agrc	PEL
agrc	AgrcPasswordManagement
agrc	agrc.python
agrc	ugs-chemistry
agrc	deq-enviro
agrc	PLSS
agrc	geocoding-toolbox
agrc	public-utilities
agrc	agrc-jasmine-matchers
agrc	deq-spills
agrc	fiber-verification
agrc	Chalkdust
agrc	ZipPlus4
agrc	MasterStreetAddressGuideVisualizer
agrc	blog-posts
agrc	land-mobile-radio
agrc	BEMS
agrc	UDSH-SurveySync
agrc	NewsLetter
agrc	starch
agrc	AmdButler
agrc	acs-alias-address-point
agrc	ArcGIS-Server-Benchmarking
agrc	ironing-board
agrc	DEQ-TankRisk
agrc	ugs-db
agrc	UDOT-LRS-Elevator
agrc	Crash-web
agrc	raster
agrc	surface-water-quality
agrc	Broadband-DriveTest-Stats
agrc	mapserv-data-update
agrc	AddressAssurance
agrc	grunt-arcgis-press
agrc	Presentations
agrc	deq-reconcile-and-post
agrc	wri-web
agrc	wri-db
agrc	dojo-layer-treemap
agrc	Crash-db
agrc	trs-zoom-addin
agrc	agrc.github.io
agrc	Spillman
agrc	UDOT-LRS-Negative-Route-Agreement-Freeways
agrc	wri-webapi
agrc	uen
agrc	atom-amdbutler
agrc	atom-agrc-snippets
agrc	roadkill-mobile
agrc	roadkill-desktop
agrc	caching-scripts
agrc	tile-etl
agrc	grunt-server-replay
agrc	oil-gas-mining
agrc	web-mercator-wsut-killer
agrc	Address-Point-ETL
agrc	Parcels
agrc	tower-circle-sectors
agrc	api.mapserv.utah.gov
agrc	forklift
agrc	print-proxy
agrc	lt-gov-political-districts
agrc	templater
agrc	vista
agrc	uic-etl
agrc	basemap-caches
agrc	cell-tower-coverage
agrc	electrofishing
agrc	warehouse
agrc	health-facilities
agrc	road-centerlines-schema
