orgname	name
alphagov	static
alphagov	slimmer
alphagov	publisher
alphagov	gds-sso
alphagov	govspeak
alphagov	panopticon
alphagov	imminence
alphagov	frontend
alphagov	plek
alphagov	whitehall
alphagov	marples
alphagov	smart-answers
alphagov	rummager
alphagov	rummageable
alphagov	calendars
alphagov	daemonette
alphagov	smokey
alphagov	gds-api-adapters
alphagov	recommended-links
alphagov	alphagov.github.io
alphagov	api-explorer
alphagov	design-principles
alphagov	sibyl
alphagov	signonotron2
alphagov	design-assets
alphagov	licence-finder
alphagov	gds-scala-common
alphagov	tumblr
alphagov	gem_publisher
alphagov	govuk_content_models
alphagov	trade-tariff-backend
alphagov	trade-tariff-frontend
alphagov	EFG
alphagov	styleguides
alphagov	e-petitions
alphagov	govuk_content_api
alphagov	omniauth-gds
alphagov	business-support-finder
alphagov	a11y
alphagov	public-reading-stage
alphagov	google-auth-bridge
alphagov	govuk_frontend_toolkit
alphagov	feedback
alphagov	support
alphagov	cross-browser-tests
alphagov	fabric-scripts
alphagov	fake_google_analytics
alphagov	character_encoding_cleaner
alphagov	assets-directgov
alphagov	assets-businesslink
alphagov	magna-charta
alphagov	government-service-design-manual
alphagov	sbv-to-ttaf
alphagov	ghtools
alphagov	transition-config
alphagov	release
alphagov	gapy
alphagov	travel-advice-publisher
alphagov	gds_zendesk
alphagov	dayinthelife
alphagov	trade-tariff-oracle
alphagov	shared_mustache
alphagov	asset-manager
alphagov	github-jenkins-trigger
alphagov	estools
alphagov	gds-boxen
alphagov	kibana-gds
alphagov	tv-radio-fillers-reporting-dashboard
alphagov	govuk_frontend_toolkit_gem
alphagov	performance-platform
alphagov	need-o-tron-daily
alphagov	inside-government-admin-guide
alphagov	backdrop
alphagov	ubuntu-1204-dev
alphagov	smart-answers-stack
alphagov	trade-tariff-admin
alphagov	stageprompt
alphagov	calculators-prototype
alphagov	packager
alphagov	puppet-curl
alphagov	government-interrogation-spending-tool
alphagov	smart-answer-builder
alphagov	prototyping-v2
alphagov	puppet-harden
alphagov	calculators
alphagov	puppet-ext4mount
alphagov	puppet-gds_dns
alphagov	puppet-inabox
alphagov	puppet-gstatsd
alphagov	ci-puppet
alphagov	performanceplatform-documentation
alphagov	bouncer
alphagov	backdrop-asset-request-collector
alphagov	backdropsend
alphagov	transformation-dashboard
alphagov	backdrop-google-spreadsheet-collector
alphagov	showtime
alphagov	guice-utils
alphagov	govuk_template
alphagov	optic14n
alphagov	cache-stats-simulator
alphagov	service-explorer-tree-map
alphagov	govuk_mirror-puppet
alphagov	puppet-gds_accounts
alphagov	contacts-admin
alphagov	puppet-puppet
alphagov	user-research-crx
alphagov	fourth-wall
alphagov	govuk_template_play
alphagov	transition
alphagov	puppet-clamav
alphagov	govuk_need_api
alphagov	maslow
alphagov	router
alphagov	stagecraft
alphagov	fco-smartpay-skin
alphagov	spotlight
alphagov	govuk_template_mustache
alphagov	router-api
alphagov	govuk_frontend_toolkit_npm
alphagov	maslow-prototype
alphagov	service-domain-checker
alphagov	job-or-not
alphagov	bad_link_finder
alphagov	business-support-api
alphagov	bad_link_finder_runner
alphagov	design-patterns
alphagov	rack-logstasher
alphagov	puppet-aptmirror
alphagov	departmental-publishing-collaboration-visualisation
alphagov	puppet-bandersnatch
alphagov	puppet-gor
alphagov	dropwizard-scala
alphagov	nagios-plugins
alphagov	finder-frontend
alphagov	specialist-publisher
alphagov	specialist-frontend
alphagov	blinken
alphagov	location-data-importer
alphagov	waste-carriers-prototype
alphagov	flooddata
alphagov	puppet-tune_ext
alphagov	pp-smokey
alphagov	pp-db-collector-template
alphagov	backdrop-transactions-explorer-collector
alphagov	govuk_offsitebackups-puppet
alphagov	shower-gds
alphagov	search-performance-dashboard
alphagov	colophon
alphagov	govuk_elements
alphagov	lensman
alphagov	content-store
alphagov	cheapseats
alphagov	govuk_migration_plan_public
alphagov	collections
alphagov	manuals-frontend
alphagov	backdrop-collector-config
alphagov	search-admin
alphagov	search-analytics
alphagov	govuk_crawler_worker
alphagov	icinga_slack_webhook
alphagov	govuk_admin_template
alphagov	performanceplatform-collector
alphagov	performanceplatform-collector-config
alphagov	spotlight-config
alphagov	performanceplatform-dashboard-admin
alphagov	puppet-lumberjack
alphagov	cdn-acceptance-tests
alphagov	govspeak-preview
alphagov	smartanswer-to-smartdown
alphagov	contacts-frontend
alphagov	exemplar-screens
alphagov	support-api
alphagov	performanceplatform-client.py
alphagov	pp-content-dashboards
alphagov	govuk_prototype_kit
alphagov	hmrc-manuals-api
alphagov	node-performance-harness
alphagov	spotlight-performance
alphagov	govuk_support_models
alphagov	short-url-manager
alphagov	performanceplatform-admin
alphagov	locate-api
alphagov	locate-api-frontend
alphagov	collections-publisher
alphagov	govuk-component-guide
alphagov	gradle-gatling-plugin
alphagov	sidekiq-monitoring
alphagov	rollcall
alphagov	info-frontend
alphagov	metadata-api
alphagov	govuk-client-url_arbiter
alphagov	govuk-prototyping-rails
alphagov	supplier-submission-portal
alphagov	digitalmarketplace-frameworks
alphagov	email-alert-service
alphagov	email-alert-api
alphagov	cloudflare-configure
alphagov	call-rota
alphagov	gds-peoplefinder
alphagov	architecture-public
alphagov	performance-datastore
alphagov	content-register
alphagov	government-frontend
alphagov	performanceplatform-big-screen-view
alphagov	govuk_elements_rails
alphagov	performanceplatform-client.js
alphagov	digitalmarketplace-api
alphagov	digitalmarketplace-deployment
alphagov	govuk_template_ejs
alphagov	govuk-content-schemas
alphagov	puppet-heka
alphagov	performanceplatform-client-go
alphagov	publishing-api
alphagov	rails_translation_manager
alphagov	digitalmarketplace-frontend-toolkit
alphagov	gds-present
alphagov	performanceplatform-organisation-api
alphagov	entity-extractor
alphagov	puppet-pgpool2
alphagov	event-store
alphagov	entity-manager
alphagov	testify
alphagov	bigquery-download
alphagov	govuk-content-explorer
alphagov	policy-publisher
alphagov	digitalmarketplace-search-api
alphagov	govdelivery-email-templates
alphagov	email-alert-frontend
alphagov	digitalmarketplace-admin-frontend
alphagov	code-club-curriculum
alphagov	digitalmarketplace-supplier-frontend
alphagov	digitalmarketplace-aws
alphagov	digitalmarketplace-buyer-frontend
alphagov	performanceplatform-js-style-configs
alphagov	govuk_template_jar
alphagov	digitalmarketplace-functional-tests
alphagov	govuk-content-schema-test-helpers
alphagov	interaction-diagrams
alphagov	performanceplatform-graph-prototypes
alphagov	tsuru-ansible
alphagov	tsuru-terraform
alphagov	open-pivotal
alphagov	vitruvius
alphagov	performanceplatform-govuk-stats
alphagov	digitalmarketplace-utils
alphagov	govuk-content-best-practices
alphagov	govuk-dummy_content_store
alphagov	multicloud-deploy
alphagov	open-pivotal-sinatra
alphagov	ansible-role-openconnect
alphagov	ansible-playbook-docker_server
alphagov	ansible-playbook-gandalf
alphagov	ansible-playbook-hipache
alphagov	ansible-playbook-tsuru_api
alphagov	ur_panel_prototype
alphagov	github_sshkey_checker
alphagov	authenticating-proxy
alphagov	puppet-rcs
alphagov	govuk-rails-app-template
alphagov	tsuru-testing
alphagov	document-kit
alphagov	govuk-lint
alphagov	performanceplatform-onboarding-schemas
alphagov	performanceplatform-cumulator
alphagov	performanceplatform-ratamator
alphagov	performanceplatform-data-searcher
alphagov	ansible-playbook-influxdb
alphagov	ansible-playbook-telegraf
alphagov	ansible-playbook-wal-e
alphagov	tsuru-performance-tests
alphagov	fastly-configure
alphagov	ier-frontend
alphagov	govuk_security_audit
alphagov	multicloud-digitalmarketplace-search-api
alphagov	multicloud-digitalmarketplace-api
alphagov	multicloud-digitalmarketplace-buyer-frontend
alphagov	multicloud-digitalmarketplace-supplier-frontend
alphagov	multicloud-digitalmarketplace-admin-frontend
alphagov	multicloud-digitalmarketplace-utils
alphagov	pay-publicapi
alphagov	ansible-playbook-vulcand
alphagov	cf-terraform
alphagov	async-publishing-prototype
alphagov	digitalmarketplace-g-cloud-service-submission
alphagov	dockdev
alphagov	govuk_seed_crawler
alphagov	govuk_mirrorer
alphagov	govuk-cdn-logs-monitor
alphagov	notify-api
alphagov	notify-frontend
alphagov	govuk-prototype-tagging-workflow
alphagov	digitalmarketplace-scripts
alphagov	service-manual-publisher
alphagov	cf-example-ruby-sinatra
alphagov	govuk_message_queue_consumer
alphagov	eager-dropwizard-guice
alphagov	notify-api-client
alphagov	gds-hubot
alphagov	sensu-package-metrics
alphagov	paas-trial-documentation
alphagov	govuk_accessibility_sandbox
alphagov	govuk-template-flask-skeleton
alphagov	content-tagger
alphagov	notifications-admin
alphagov	notifications-api
alphagov	notifications-delivery
alphagov	notifications-functional-tests
alphagov	paas-cf
alphagov	paas-team-manual
alphagov	paas-acceptance-tests-spike
alphagov	webchat-prototype
alphagov	opengraph-test
alphagov	paas-docker-cloudfoundry-tools
alphagov	deprecated_columns
alphagov	tech-and-data-standards
alphagov	notifications-python-client
alphagov	govuk-puppet
alphagov	govuk-toolkit-chrome
alphagov	govuk-diff-pages
alphagov	pay-sample-integration
alphagov	inventory-tool
alphagov	digitalmarketplace-apiclient
alphagov	multipage-frontend
alphagov	email-template
alphagov	notifications-utils
alphagov	govuk-dependency-resolution-spike
alphagov	pay-partner-integrations
alphagov	govuk_platform_prototypes
alphagov	notifications-node-client
alphagov	email-alert-monitoring
alphagov	govuk-import-export-prototype
alphagov	verify-frontend
alphagov	govuk-terraform-provisioning
alphagov	govuk-navigation-prototype
alphagov	notify-build-monitor
alphagov	local-links-manager
alphagov	notifications-php-client
alphagov	notifications-java-client
alphagov	service-manual-frontend
alphagov	govuk-cdn-config
alphagov	search-result-fetcher
alphagov	emergency-publishing-scraper
alphagov	prototype-performance-platform-alpha
alphagov	specialist-publisher-rebuild
alphagov	notifications-ruby-client
alphagov	dfid-transition
alphagov	paas-aws-broker-boshrelease
alphagov	govuk-app-deployment
alphagov	paas-haproxy-release
alphagov	finding-things-migration-checker
alphagov	govuk-developers
alphagov	pay-online-prototype
alphagov	paas-developer-docs
alphagov	digitalmarketplace-content-loader
alphagov	paas-rds-broker
alphagov	govuk_resources_prototype
alphagov	paas-aws-concourse-lite
alphagov	notifications-smoke-tests
alphagov	pay-integration-php
alphagov	pay-cardid
alphagov	govuk-lambda-app-deployment
alphagov	govuk_sidekiq
alphagov	puppet-ohmyzsh
alphagov	puppet-spf13vim3
alphagov	user-research-panel-frontend-patterns
alphagov	govuk-frontend-tool-prototype
alphagov	async_experiments
alphagov	govuk-developer-tools
alphagov	check_before_you_start
alphagov	prototype-scss-refactor
alphagov	gov-tech-manual-prototype
alphagov	govuk_template_jinja
alphagov	govuk_schemas
alphagov	govuk-random-content-store
alphagov	gds-jobvite-static
alphagov	govdesign
alphagov	govuk-design-rationalisation-prototype
