orgname	name
baltimorecounty	LightRail
baltimorecounty	address-points
baltimorecounty	Parcel-130-discrepency
baltimorecounty	FormattedLabeling
baltimorecounty	OneToManyLabels
baltimorecounty	CharlesStreetCenterline
baltimorecounty	URDL
baltimorecounty	ZIPcodes
baltimorecounty	CenterlineFlips
baltimorecounty	building-footprint
baltimorecounty	grid-600-scale
baltimorecounty	GovernmentLands
baltimorecounty	hydrology
baltimorecounty	ArcMetadataMaintenance
baltimorecounty	Historic-Districts
baltimorecounty	Building-Polygons
baltimorecounty	openstreetmap
baltimorecounty	historic-geodatabase-sde
baltimorecounty	Bcpl-iOS
baltimorecounty	HomepageRedesign
baltimorecounty	baltimorecountymd.gov-assets
