orgname	name
BathnesDevelopment	Scripts
BathnesDevelopment	OpenDataScripts
BathnesDevelopment	SharePoint-Printing
BathnesDevelopment	SharePoint-Printing-ModernUI
BathnesDevelopment	SharePoint-Customisations
BathnesDevelopment	Datatables-FileBrowser
BathnesDevelopment	GeographicalNeeds-Web
BathnesDevelopment	Bootstrap-Template
BathnesDevelopment	Public-Art
BathnesDevelopment	Waste-Collection-Routes
BathnesDevelopment	PDF-Joiner
BathnesDevelopment	Public-Art-Website
BathnesDevelopment	StreetNaming
BathnesDevelopment	BathnesDevelopment-Standards
BathnesDevelopment	Phonebook
BathnesDevelopment	bathnes-drupal-style
