orgname	name
BCGov	wqbc
BCGov	BC-Policy-Framework-For-GitHub
BCGov	bcgroundwater
BCGov	groundwater-levels
BCGov	EnvReportBC
BCGov	envreportutils
BCGov	CSB-eFile
BCGov	ckanext-bcgov
BCGov	bcmaps
BCGov	dbcrss
BCGov	bc-laws-api
BCGov	rcaaqs
BCGov	ozone-caaqs-analysis
BCGov	pm25-caaqs-analysis
BCGov	citizen-engagement-web-toolkit
BCGov	OCIO-integrated-planning
BCGov	esm-server
BCGov	OCIO-service-development
BCGov	ltema
BCGov	bearmon
BCGov	openconsult
BCGov	aspb-planning
BCGov	protected-lands-and-waters-analysis
BCGov	bc-population-indicator
BCGov	data-fp
BCGov	nrs-sparx-automation
BCGov	cpf
BCGov	drivebc-webcam-api
BCGov	databc-web-map-services
BCGov	agile-guide
BCGov	innovation-toolkit
BCGov	mode1-guide
BCGov	eba-guide
BCGov	work-item-aggregator
BCGov	segmentation-guide
BCGov	REST-API-Development-Guide
BCGov	data_driven_decision_making
BCGov	guide-of-guides
BCGov	bcdc-devops
BCGov	data-driven-decision-making-guide
BCGov	github-guide
BCGov	citizens-at-the-centre
BCGov	data-fp-features
BCGov	issue-aggregator
BCGov	api-specs
BCGov	DevEx-Roadmap
BCGov	interactive-infographic
BCGov	service-patterns
BCGov	service-analytics-framework
BCGov	pay-for-pull-epic-research
