orgname	name
cambridgegis	ags-tools
cambridgegis	AddressDashboard
cambridgegis	maplib
cambridgegis	cambridgegis.github.io
cambridgegis	cambridgegis_data
cambridgegis	trees
cambridgegis	cambridgegis_data_dpw
cambridgegis	cambridgegis_data_address
cambridgegis	cambridgegis_data_assessing
cambridgegis	cambridgegis_data_basemap
cambridgegis	cambridgegis_data_boundary
cambridgegis	cambridgegis_data_cdd
cambridgegis	cambridgegis_data_demographics
cambridgegis	cambridgegis_data_elections
cambridgegis	cambridgegis_data_health
cambridgegis	cambridgegis_data_historical
cambridgegis	cambridgegis_data_hydro
cambridgegis	cambridgegis_data_infra
cambridgegis	cambridgegis_data_landmark
cambridgegis	cambridgegis_data_public_safety
cambridgegis	cambridgegis_data_recreation
cambridgegis	cambridgegis_data_traffic
cambridgegis	cambridgegis_data_trans
cambridgegis	DataDictionary
cambridgegis	cambridgegis_data_license
cambridgegis	cambridgegis_data_environmental
