orgname	name
CanaimaGNULinux	buildout.web.canaimagnulinux
CanaimaGNULinux	canaimagnulinux.web.policy
CanaimaGNULinux	canaimagnulinux.web.theme
CanaimaGNULinux	canaimagnulinux.transmogrifier
CanaimaGNULinux	canaimagnulinux.artwork
CanaimaGNULinux	canaimagnulinux.github.com
CanaimaGNULinux	canaimagnulinux.mockup
CanaimaGNULinux	canaimagnulinux.web.locales
CanaimaGNULinux	portaluniversitario
CanaimaGNULinux	Cunaguaro
CanaimaGNULinux	Guacharo
CanaimaGNULinux	proyectos-trac
CanaimaGNULinux	canaima.aponwaotheme
CanaimaGNULinux	transmogrify.plonesoftwarecenter
CanaimaGNULinux	gnome-shell-extensions-gnamon
CanaimaGNULinux	canaima-web-gnome
CanaimaGNULinux	canaima-accesibilidad-gnome
CanaimaGNULinux	canaima-estilo-visual-gnome
CanaimaGNULinux	desktop-base
CanaimaGNULinux	base-files
CanaimaGNULinux	canaima-estilo-visual-iconos-gnome
CanaimaGNULinux	canaima-ofimatica-gnome
CanaimaGNULinux	canaima-ayuda
CanaimaGNULinux	canaima-bienvenido-gnome
CanaimaGNULinux	canaima-plymouth
CanaimaGNULinux	buildbot-reg
CanaimaGNULinux	Canaima-Tareas
CanaimaGNULinux	canaima-navegador
CanaimaGNULinux	canaima-controladores
CanaimaGNULinux	canaima-oficina
CanaimaGNULinux	canaima-desktop-base
CanaimaGNULinux	canaima-multimedia
CanaimaGNULinux	canaima-iconos-theme
CanaimaGNULinux	canaimagnulinux.userdata
CanaimaGNULinux	canaimagnulinux.wizard
CanaimaGNULinux	casabe.web
CanaimaGNULinux	casabe.app
CanaimaGNULinux	casabe.api
