orgname	name
CanyonCounty	CC.Common.Compression
CanyonCounty	CC.Common.JSON
CanyonCounty	wp-CurrentArrests
CanyonCounty	MailingCards
CanyonCounty	DSDDemo
CanyonCounty	JekyllTest
CanyonCounty	Browse
CanyonCounty	CCServiceCtl
CanyonCounty	DataMover
CanyonCounty	ElectionResults
CanyonCounty	CC.Common.Parser
CanyonCounty	CC.Common.Data.Util
CanyonCounty	public-api
CanyonCounty	CC.Common.Macros
CanyonCounty	public-api-sheriff
CanyonCounty	CC.BOCC.IT.TVDisplay
CanyonCounty	CC.Common.Authenticator
CanyonCounty	CC.Common.AppMessage
CanyonCounty	LogRotater
CanyonCounty	CC.Common.UserQuery
CanyonCounty	CC.MT.Public.Election
CanyonCounty	CC.MT.Public.Sheriff
CanyonCounty	CC.MT.Public
CanyonCounty	RecordingLight
