orgname	name
cfpb	django-nudge
cfpb	transit_subsidy
cfpb	ec2mapper
cfpb	hmda-tools
cfpb	clouseau
cfpb	qu
cfpb	django-cache-tools
cfpb	idea-box
cfpb	regulations-parser
cfpb	regulations-core
cfpb	regulations-site
cfpb	sheer
cfpb	django-widgeter
cfpb	api
cfpb	cfpb.github.io
cfpb	source-code-policy
cfpb	DOCter
cfpb	design-manual
cfpb	jmeter-bootstrap
cfpb	collab
cfpb	collab-staff-directory
cfpb	collab-news
cfpb	owning-a-home
cfpb	grunt-cfpb-internal
cfpb	cf-colors
cfpb	django-hud
cfpb	find-a-housing-counselor
cfpb	cf-component-demo
cfpb	cf-grid
cfpb	cf-typography
cfpb	cf-buttons
cfpb	cf-forms
cfpb	click-to-comment
cfpb	github-wiki-search
cfpb	cf-pagination
cfpb	cf-expandables
cfpb	capital-framework
cfpb	open-graph-control
cfpb	cf-tables
cfpb	cf-tabs
cfpb	cf-grunt-config
cfpb	cf-demo
cfpb	cf-icons
cfpb	normalize-legacy-addon
cfpb	loan-calc
cfpb	cfgov-refresh
cfpb	cfgov-sheer-templates
cfpb	fuzzy-state-search
cfpb	collab-form-builder
cfpb	mapusaurus
cfpb	cfpb-wp-cli
cfpb	hmda-fan
cfpb	collab-mystery-meet
cfpb	open-source-project-template
cfpb	cms-toolkit
cfpb	amortize
cfpb	hmda-explorer
cfpb	generator-node-cfpb
cfpb	format-usd
cfpb	unformat-usd
cfpb	is-money-usd
cfpb	owning-a-home-api
cfpb	overall-loan-cost
cfpb	cf-core
cfpb	objectified
cfpb	django-api-test
cfpb	stay-positive
cfpb	django-rest-framework-selectserializer
cfpb	pantheon
cfpb	pilot_pilot
cfpb	proxy-methodology
cfpb	jumbo-mortgage
cfpb	generator-cf
cfpb	dotfiles
cfpb	cf-layout
cfpb	hmda-pilot
cfpb	hmda-rule-spec
cfpb	hmda-rule-engine
cfpb	hmda-edit-check-api
cfpb	shortstack
cfpb	hmda-viz-prototype
cfpb	kratos
cfpb	sentia
cfpb	porchlight
cfpb	email-templates
cfpb	grasshopper
cfpb	decision-stacker
cfpb	publish_eccu
cfpb	front-end
cfpb	grasshopper-loader
cfpb	grasshopper-ui
cfpb	sifu
cfpb	flask-eventics
cfpb	ckan-installer
cfpb	moirai
cfpb	retirement
cfpb	dash
cfpb	macropolo
cfpb	pantheon-helpers
cfpb	ckanext-cfpb-extrafields
cfpb	aurora
cfpb	-new-clouseau-
cfpb	python27-for-el6
cfpb	fr-notices
cfpb	node-wcag
cfpb	grasshopper-parser
cfpb	pantheon-2
cfpb	regulations-stub
cfpb	CFPBot
cfpb	grasshopper-retriever
cfpb	cf-notifications
cfpb	xsv-el6-rpm
cfpb	cf-tooltips
cfpb	unitybox
cfpb	agile-playbook
cfpb	delinkenator
cfpb	cfgov-django
cfpb	django-sheerlike
cfpb	regulations-configs
cfpb	gnucobol-el6-rpm
cfpb	jenkins-automation
cfpb	project-open-source
cfpb	node-wcag-cli
cfpb	kratos-moirai
cfpb	kratos-gh
cfpb	hmda-geo
cfpb	generator-cf-component
cfpb	back-end
cfpb	python34-for-el6
cfpb	rhobot
cfpb	pg-common
cfpb	hmda-viz-processing
cfpb	hmda-explorer-updater
cfpb	rural-or-underserved-test
cfpb	regulations-schema
cfpb	college-costs
cfpb	readme_refresh_day
cfpb	student-debt-calculator
cfpb	cf-modals
cfpb	regulations-xml-parser
cfpb	sentia-softwarediscovery
cfpb	qm-data-processing
cfpb	hackathon
cfpb	cf-type-testing
cfpb	django-mysql-ssl
cfpb	jenkins-as-code-starter-project
cfpb	new-relic-installer
cfpb	zip-backfill
cfpb	drake-el6-rpm
cfpb	salesforce-dataloader-el6-rpm
cfpb	imcs-el6-rpm
cfpb	test_hmda_pipeline
cfpb	xtdiff
cfpb	pipeline-ccdb
cfpb	auto-loans
cfpb	tax-time-saving
cfpb	hammerdb-el6-rpm
cfpb	hypopg-el6-rpm
cfpb	pg_jobmon
cfpb	hmda-platform
cfpb	hmda-platform-ui
cfpb	regulations-xml
cfpb	cstore_fdw-el6-rpm
cfpb	pg_bulkload-el6-rpm
cfpb	postgis2-el6-rpm
cfpb	pg_partman-el6-rpm
cfpb	drama-free-django
cfpb	cf-theme-cfpb
cfpb	complaint-intake
cfpb	vax
cfpb	data-viz-workshop
cfpb	hubot-acrogov
cfpb	dimension
cfpb	present-value
cfpb	payment-calculator
cfpb	hubot-aws-cfpb
cfpb	hubot-capital-framework
cfpb	redis-el6-rpm
cfpb	onboarding-scheduler
cfpb	hubot-onboarding
cfpb	complaint
cfpb	time2read
cfpb	open-source-checklist
cfpb	read2me
cfpb	psql-authnz
cfpb	rhobot-for-el6
cfpb	elasticizer
cfpb	hubot-new-relic-alerts
cfpb	maven-for-el6
cfpb	hmda-platform-auth
