orgname	name
cityofnewyork	NYCRules
cityofnewyork	RCNY_Downloader
cityofnewyork	HPD-Data-Feeds
cityofnewyork	City-Hall-Data-Feeds
cityofnewyork	Comptrollers-Checkbook
cityofnewyork	DOT-Data-Feeds
cityofnewyork	Open311-Inquiry
cityofnewyork	Pre-K-Finder
cityofnewyork	DORIS-Publications-Portal
cityofnewyork	CROL-Overview
cityofnewyork	after-school-program-finder
cityofnewyork	CROL-Schema
cityofnewyork	addressparser
cityofnewyork	CROL-WebApp
cityofnewyork	crow-vm
cityofnewyork	TechJobs
cityofnewyork	geoclient
cityofnewyork	nyc-planimetrics
cityofnewyork	hurricane
cityofnewyork	pka
