orgname	name
city-of-bloomington	open311-ios
city-of-bloomington	open311-proxy
city-of-bloomington	open311-android
city-of-bloomington	open311-kuali
city-of-bloomington	uReport
city-of-bloomington	rentrocket
city-of-bloomington	open311-sms
city-of-bloomington	OnBoard
city-of-bloomington	skidder
city-of-bloomington	rosehill
city-of-bloomington	receipts
city-of-bloomington	blossom
city-of-bloomington	media-manager
city-of-bloomington	City-of-Bloomington.github.io
city-of-bloomington	cmis
city-of-bloomington	farmers-market
city-of-bloomington	meter_monitor
city-of-bloomington	inRoads
city-of-bloomington	civic-cms
city-of-bloomington	iCal4PHP
city-of-bloomington	blossom-lib
city-of-bloomington	system-playbooks
city-of-bloomington	cmisro
city-of-bloomington	myCity
city-of-bloomington	interactive-map
city-of-bloomington	rectrac-integration
city-of-bloomington	drupal-customizations
city-of-bloomington	calendar-aggregator
city-of-bloomington	factory-number-one
city-of-bloomington	gcalfield
city-of-bloomington	ckan-ansible
city-of-bloomington	transporttracker
city-of-bloomington	openbudget
city-of-bloomington	ckanext-cob
city-of-bloomington	row
city-of-bloomington	utilities_forms
city-of-bloomington	marketbucks
city-of-bloomington	docker
city-of-bloomington	community_directory
city-of-bloomington	assettrack
