orgname	name
CityofSantaMonica	GIS
CityofSantaMonica	GTFS
CityofSantaMonica	SalarySchedules
CityofSantaMonica	Orchard.Harvest2014
CityofSantaMonica	YouthTechPrototype
CityofSantaMonica	SODA.NET
CityofSantaMonica	jekyll-common
CityofSantaMonica	Ektron.FavoriteFolders
CityofSantaMonica	Ektron.RecentContent
CityofSantaMonica	Orchard.Socrata
CityofSantaMonica	Orchard.WebApi
CityofSantaMonica	Orchard.ParkingData
CityofSantaMonica	Orchard.ParkingData.Theme
CityofSantaMonica	Orchard.BootstrapBase
CityofSantaMonica	Orchard.Navigation
CityofSantaMonica	SalarySchedules.Client
CityofSantaMonica	hackthebeach
CityofSantaMonica	gtfs.bigbluebus.com
CityofSantaMonica	open.smgov.net
CityofSantaMonica	CityNet
CityofSantaMonica	WellbeingDemographicData
CityofSantaMonica	lots-analysis
CityofSantaMonica	faadoyourjob.org
CityofSantaMonica	youthtechprogram
CityofSantaMonica	analytics.smgov.net
CityofSantaMonica	jekyll-frontmatter-jsonify
