orgname	name
cityofsurrey	ckanext-surrey
cityofsurrey	javascript
cityofsurrey	jscs-preset-cityofsurrey
cityofsurrey	css
cityofsurrey	traffic-loops-api
cityofsurrey	landscape-api
cityofsurrey	dockercloud
cityofsurrey	taurus
cityofsurrey	lurtz
cityofsurrey	landscape-node
cityofsurrey	mysurrey-tests
cityofsurrey	relic-tests
cityofsurrey	selenium-grid
cityofsurrey	rancher-ansible
cityofsurrey	mysurrey-admin
cityofsurrey	mongoclient-docker
cityofsurrey	mejai
cityofsurrey	mongodb-ansible
cityofsurrey	goblins
cityofsurrey	open511
cityofsurrey	solarwinds-node
cityofsurrey	illidan
cityofsurrey	docker-node-oracle
