orgname	name
cityofasheville	metadata
cityofasheville	coa-cookbooks
cityofasheville	bulkyroutetest
cityofasheville	riversidecemetery
cityofasheville	whatIsTheClosest
cityofasheville	AshevilleGreenMap
cityofasheville	BikeRacks
cityofasheville	quickmap
cityofasheville	SustainabilityTour
cityofasheville	weeklyreport
cityofasheville	sanitationreport
cityofasheville	asset
cityofasheville	skillstask
cityofasheville	http2file
cityofasheville	graffiti-data-backend
cityofasheville	data_test
cityofasheville	postgis-for-esri-ami
cityofasheville	centos-postgis-sde
cityofasheville	graffiti-crime-stats
cityofasheville	imagery_test
cityofasheville	urban-trail-resource
cityofasheville	coa-cards
cityofasheville	urban-trail-walking-tour
cityofasheville	angularjs-app-scaffold
cityofasheville	simplicity-ui
cityofasheville	asheville-park-finder
cityofasheville	intranet-wp-content
cityofasheville	intranet-demo2
cityofasheville	flat-sassy-boots
cityofasheville	simplicity-backend
cityofasheville	ella-vader
cityofasheville	esrijobs
cityofasheville	coa-wp-custom-post-types
cityofasheville	psql-jobs
cityofasheville	vagrant-postgis92
cityofasheville	coa-intranet-theme
cityofasheville	graffiti-dashboard-redo
cityofasheville	fme-jobs
cityofasheville	SAII-SkillsTask
cityofasheville	gdal2tiles_compat
cityofasheville	wheres-parking
cityofasheville	map-asheville-2.0
cityofasheville	SAII_SkillsTask
cityofasheville	cityofasheville.github.io
cityofasheville	map-asheville-test
cityofasheville	SA1_SkillsTask
cityofasheville	SAII_Infrastructure_Developer_Skills_Task
