orgname	name
City-of-Raleigh-Public-Utilities	ValveCrews
City-of-Raleigh-Public-Utilities	FACILITYIDS
City-of-Raleigh-Public-Utilities	parcel_pin_to_coord
City-of-Raleigh-Public-Utilities	sde-compress
City-of-Raleigh-Public-Utilities	hydrants_dashboard
City-of-Raleigh-Public-Utilities	hydrantReports
City-of-Raleigh-Public-Utilities	PUMPR
City-of-Raleigh-Public-Utilities	ValvesDashboard
City-of-Raleigh-Public-Utilities	attributeEvents
City-of-Raleigh-Public-Utilities	storehouse_scripts
City-of-Raleigh-Public-Utilities	CCTV
City-of-Raleigh-Public-Utilities	Archive
City-of-Raleigh-Public-Utilities	ITPipes
City-of-Raleigh-Public-Utilities	FireFlow
City-of-Raleigh-Public-Utilities	sqlEvents
City-of-Raleigh-Public-Utilities	ValveDiameters
City-of-Raleigh-Public-Utilities	LearnGit
City-of-Raleigh-Public-Utilities	Update-CCTV
City-of-Raleigh-Public-Utilities	EasementMaintLayer
City-of-Raleigh-Public-Utilities	updateAddressLocator
