orgname	name
City-of-Helsinki	palaute-integraatio
City-of-Helsinki	geocoder
City-of-Helsinki	aura
City-of-Helsinki	helsinki-address-register
City-of-Helsinki	openahjo
City-of-Helsinki	issues-example
City-of-Helsinki	helsinki-orto
City-of-Helsinki	munigeo
City-of-Helsinki	servicemap
City-of-Helsinki	smbackend
City-of-Helsinki	appseli
City-of-Helsinki	linkedevents
City-of-Helsinki	events-ui
City-of-Helsinki	appseli-ui
City-of-Helsinki	kuulemispalvelu-ui
City-of-Helsinki	kuulemma
City-of-Helsinki	owsbench
City-of-Helsinki	geoserver-preview
City-of-Helsinki	heatmapper
City-of-Helsinki	kore
City-of-Helsinki	hkisaml
City-of-Helsinki	ckanext-hoi
City-of-Helsinki	laskereport
City-of-Helsinki	respa
City-of-Helsinki	lipas
City-of-Helsinki	helbot
City-of-Helsinki	django-helusers
City-of-Helsinki	leui
City-of-Helsinki	ckan-install-playbook
City-of-Helsinki	geowaterbed
City-of-Helsinki	devheldev
City-of-Helsinki	servicemap-embedder
City-of-Helsinki	issuereporting-documentation
City-of-Helsinki	kerrokantasi
City-of-Helsinki	kerrokantasi-ui
City-of-Helsinki	passport-helsinki
City-of-Helsinki	passport-helsinki-example
City-of-Helsinki	linkedevents-ui
City-of-Helsinki	django-appcatalog
City-of-Helsinki	djangosaml2
City-of-Helsinki	palvelutietovaranto
City-of-Helsinki	open-city-app
City-of-Helsinki	tapi
City-of-Helsinki	paatos
City-of-Helsinki	organisaatiorekisteri
City-of-Helsinki	palaute-ui-alpha
City-of-Helsinki	democracy-preview
City-of-Helsinki	helerm
City-of-Helsinki	respa-exchange
City-of-Helsinki	digihel
City-of-Helsinki	servicemap-test-legacy-redirect
City-of-Helsinki	servicemap-user-documentation
