orgname	name
cleveland-metroparks	tree-interpolator
cleveland-metroparks	geojson.io
cleveland-metroparks	trailsforthepeople
cleveland-metroparks	cleveland-metroparks.github.io
cleveland-metroparks	invasive-plants-atlas
cleveland-metroparks	oram-forms
cleveland-metroparks	cm-geodata
cleveland-metroparks	wit
cleveland-metroparks	apt
cleveland-metroparks	gis-staff-pre
cleveland-metroparks	test
cleveland-metroparks	rescraper
cleveland-metroparks	tree-interpolator-orig
cleveland-metroparks	maps
cleveland-metroparks	parktime
cleveland-metroparks	nc_homerange
cleveland-metroparks	coyote
cleveland-metroparks	trailsforthepeople-data
cleveland-metroparks	nr
cleveland-metroparks	BEHI
cleveland-metroparks	presentations
cleveland-metroparks	capital
cleveland-metroparks	signs
cleveland-metroparks	sites
cleveland-metroparks	pds
cleveland-metroparks	zoo-ada-draft
cleveland-metroparks	eab
cleveland-metroparks	maps-server
cleveland-metroparks	maps-server-gwc
cleveland-metroparks	compass-r
cleveland-metroparks	vibi
cleveland-metroparks	zoo-ada-map
cleveland-metroparks	odm_data_bellus
cleveland-metroparks	app-2015
cleveland-metroparks	temp
cleveland-metroparks	acacia-point-cloud
cleveland-metroparks	suas-board-2015-1
cleveland-metroparks	new_hire_tour
cleveland-metroparks	leaflet-crosshairs
cleveland-metroparks	north-coast
cleveland-metroparks	OPRA-Drones-2016
cleveland-metroparks	trailsforthepeople-directions
cleveland-metroparks	UofAkron_sUAS_2016
cleveland-metroparks	nr-database-discussion
cleveland-metroparks	test1
cleveland-metroparks	scgis-midwest-2016
cleveland-metroparks	trailsforthepeople-styles
cleveland-metroparks	suas-board-2016
cleveland-metroparks	beach_closures
