orgname	name
communaute-cimi	mod_osm
communaute-cimi	rosm
communaute-cimi	massivedump
communaute-cimi	geocodeComp
communaute-cimi	check_play
communaute-cimi	glay
communaute-cimi	playadm
communaute-cimi	linuxproc
communaute-cimi	checker
communaute-cimi	uposm
communaute-cimi	qgis-minint
communaute-cimi	georef-api
communaute-cimi	georef-client
communaute-cimi	qgis-minint-plugin-geocoding
communaute-cimi	mapproxy-osm-cache-sample
communaute-cimi	qgis-csv-color-map
communaute-cimi	nm-geoalerte-back
communaute-cimi	nm-geoalerte-docs
communaute-cimi	nm-geoalerte-front
communaute-cimi	nm-geoalerte-mob
communaute-cimi	gpx-rev-geocode
communaute-cimi	miditech14-qgis
communaute-cimi	PFLAU-Viz
communaute-cimi	scrap-jo-innondations-juin-2016
communaute-cimi	geocoder-comparison-tool
