orgname	name
commercedataservice	Verbal
commercedataservice	tutorial_noaa_hail
commercedataservice	tutorial_ita_tradeflows
commercedataservice	CWG_Website
commercedataservice	tutorial_viirs_part2
commercedataservice	tutorial_viirs_part1
commercedataservice	tutorial_nist_nvd
commercedataservice	draft_metrics_dashboard
commercedataservice	recordtagger
commercedataservice	DataUsability_Website
commercedataservice	tutorial_ms_buildpermit
commercedataservice	tutorial_acs_rank
commercedataservice	Commerce_Data_Academy_Courses
commercedataservice	BISOpenData
commercedataservice	tutorial_mapbox_part1
commercedataservice	bis_metadata_template
commercedataservice	ITA_Principal_Travel
commercedataservice	CDAC_Redesign
commercedataservice	BEA_RIMS_Redesign
commercedataservice	developer-site
commercedataservice	tutorial_pto
commercedataservice	tutorial_zillow_acs
commercedataservice	cdup_tutorial_template
commercedataservice	midaas-website
commercedataservice	tutorial_earthgenome
commercedataservice	dashboards
commercedataservice	tutorial_ms_powerbi
commercedataservice	tutorial_ms_part2
commercedataservice	cdup_datasets
commercedataservice	uspto_ptab
commercedataservice	tutorial_mapbox_part2
commercedataservice	midaas-api
commercedataservice	SBOdata
commercedataservice	StormDataProjectBeede
commercedataservice	tutorial-predicting-income
commercedataservice	DataAcademy
commercedataservice	tutorial_ms_part3
commercedataservice	NZERTF
commercedataservice	anansi
commercedataservice	cdup_knowjson
commercedataservice	Public_Presentations
commercedataservice	blog
commercedataservice	SCEP
commercedataservice	cda_storytelling_in_r
commercedataservice	bea-charts
commercedataservice	tutorial_311_trees_p1
commercedataservice	tutorial_311_trees_p2
commercedataservice	netZero
