orgname	name
companieshouse	MojoX-Moose-Controller
companieshouse	Log-Declare
companieshouse	MojoX-OAuth2
companieshouse	MojoX-JSON-XS
companieshouse	MojoX-Log-Declare
companieshouse	MojoX-Plugin-PODRenderer
companieshouse	MojoX-Renderer-IncludeLater
companieshouse	dzil
companieshouse	JSON-WebEncryption
companieshouse	Dist-Zilla-PluginBundle-CHGOVUK
companieshouse	MojoX-URL-Sign
companieshouse	MojoX-Plugin-Hook-BeforeRendered
companieshouse	api-enumerations
companieshouse	MojoX-Plugin-AnyCache
companieshouse	go-tiff2pdf
companieshouse	ratelimiter
companieshouse	forms-enablement-salesforce
companieshouse	forms-enablement-api
