orgname	name
CORaleigh	linux-oracle-client
CORaleigh	datajam
CORaleigh	soda-ruby
CORaleigh	reports
CORaleigh	Open-Raleigh-Policy
CORaleigh	cmdb
CORaleigh	sy_rental_class_integration
CORaleigh	sy_course_class_integration
CORaleigh	sy_league_class_integration
CORaleigh	poi
CORaleigh	ROD
CORaleigh	parking
CORaleigh	coraleigh.github.io
CORaleigh	sy_meter_integration
CORaleigh	sy_integration_ccb_cityworks
CORaleigh	sy_peoplesoft_integration
CORaleigh	represent-map
CORaleigh	hospitality
CORaleigh	innovation_team
CORaleigh	remapping
CORaleigh	myservices
CORaleigh	sy_cor_ccb_cw
CORaleigh	startup-map
CORaleigh	affordable_rental_tracking
CORaleigh	smartcities
CORaleigh	wazeschemamapper
CORaleigh	property-soe
CORaleigh	parklocator-v1
CORaleigh	parklocator-mobile
CORaleigh	mwbe-directory
CORaleigh	noise-complaints
CORaleigh	bike-raleigh
CORaleigh	development-dashboard
CORaleigh	strategic-planning-measures
CORaleigh	missedpickup
CORaleigh	cor-components
CORaleigh	parklocator
CORaleigh	park-jobs
CORaleigh	wsimport
CORaleigh	dev-dashboard
CORaleigh	CityConnectDocs
