orgname	name
CSB-IG	literature
CSB-IG	non-coding-NGS
CSB-IG	Computational-Genomics
CSB-IG	pyvenny
CSB-IG	NinNX
CSB-IG	breast_cancer_networks
CSB-IG	hmgb1_rna_seq
CSB-IG	chip_annotator
CSB-IG	tmr_search
CSB-IG	jaccard_R
CSB-IG	fantomine
CSB-IG	rnw
CSB-IG	visibility_graph
CSB-IG	pxat
CSB-IG	pyveplot
CSB-IG	enrichmentator
CSB-IG	rugplot
CSB-IG	tcgarnaseqbc
CSB-IG	miRNAseq_rnw
CSB-IG	bibliometrics
CSB-IG	pa3bc
CSB-IG	parallel-aracne
CSB-IG	MEF2C-network
CSB-IG	target-space
CSB-IG	CSB-IG.github.io
CSB-IG	circos_rnaseq_tcga_brca
CSB-IG	midist
