orgname	name
culturagovbr	sistema-nacional-cultura
culturagovbr	eleicao-cnpc-2012
culturagovbr	novosalic
culturagovbr	mapasculturais-bibliotecas
culturagovbr	GOG
culturagovbr	api-vale-cultura
culturagovbr	Portal-AtendeTI
culturagovbr	mapasculturais-culturaviva
culturagovbr	wp-culturaviva
culturagovbr	pdti-minc
culturagovbr	mapasculturais-br
culturagovbr	CEUs
culturagovbr	portal-vale-cultura
culturagovbr	mapasculturais-museus
culturagovbr	mapasculturais-baseminc
culturagovbr	emergencias-json
culturagovbr	e-pracas
culturagovbr	mapasculturais-pracas
culturagovbr	ctav2-theme
culturagovbr	puppet-sei-aio
culturagovbr	gentil
culturagovbr	querovercultura-portal
culturagovbr	docker-GOG
culturagovbr	sei-hotsite
culturagovbr	tm_faturamento
culturagovbr	mgp_ti
culturagovbr	normativos
culturagovbr	salic-hotsite
culturagovbr	hotsite-salic
culturagovbr	mapasculturais-sas-wp
