orgname	name
datagovuk	ckanext-dgu
datagovuk	ckanext-ga-report
datagovuk	ckanext-datastore
datagovuk	ckanext-linkfinder
datagovuk	ckanext-os
datagovuk	ckanext-datapreview
datagovuk	dgu_d7
datagovuk	standards.data.gov.uk
datagovuk	logreporter
datagovuk	dgu-joint-assets
datagovuk	datagovuk.github.com
datagovuk	testpages
datagovuk	dgu-test-env
datagovuk	html-responsive
datagovuk	MPA
datagovuk	ckanext-hierarchy
datagovuk	inventory-template
datagovuk	refine-csv
datagovuk	dgu-vagrant-puppet
datagovuk	shared_dguk_assets
datagovuk	ckanext-redmine
datagovuk	ckanext-certificates
datagovuk	linux-puppet
datagovuk	ckanext-dgu-local
datagovuk	linux_puppet
datagovuk	dgu_solr
datagovuk	ukgovldwg-test
datagovuk	organograms
datagovuk	ckanext-report
datagovuk	dgu-orgs
datagovuk	ISB
datagovuk	organogram-explorer
datagovuk	dcat-usage
datagovuk	ckanext-taxonomy
datagovuk	CKAN-CMS
datagovuk	guidance
datagovuk	health-schemas
datagovuk	transport-schemas
datagovuk	defra-schemas
datagovuk	organogram-viz
datagovuk	schemas
datagovuk	contracts-archive
datagovuk	dgu-static
datagovuk	ckanext-packagezip
datagovuk	reserve
datagovuk	api_etl
datagovuk	apiserver
datagovuk	secure-reference
datagovuk	poca
datagovuk	dgu2
