orgname	name
decc	twenty-fifty
decc	How-much-energy-is-that
decc	Balancing
decc	numbers-for-decc
decc	decc_2050_model
decc	decc_2050_optimizer
decc	decc_2050_model_relationships
decc	twenty-fifty-wiki
decc	global_2050_model
decc	city-calculator
decc	42Questions
decc	siunits
decc	turn_decc_2050_model_into_web_pages
decc	computer-speak
decc	mary
decc	electricity-build-rate-constraint
decc	belgium_2050_model
decc	belgium_2050_web_interface
decc	calculator-book
decc	global-calculator
decc	R_Excel_link
decc	uk-times-acronyms
decc	DECC-models-interaction
decc	times-wiring-diagram
decc	times-excel-tools
decc	icf-flows
decc	twenty-fifty-new-look
decc	times-sql-bat
decc	national-household-model-core-components
decc	sedbuk-boiler-matching
decc	national-household-model-documentation
decc	national-household-model-standalone
decc	national-household-model-stock-files-creator
decc	NEED_panel
