orgname	name
department-of-veterans-affairs	government-services-schema-from-google-spreadsheet-php
department-of-veterans-affairs	government-services-schema-from-google-spreadsheet-javascript
department-of-veterans-affairs	email-excel-conversion
department-of-veterans-affairs	TechJam
department-of-veterans-affairs	Tech-Jam-Fall-2013---Awesome-Nighthawks
department-of-veterans-affairs	Tech-Jam-2013---Cognizant
department-of-veterans-affairs	Tech-Jam-2013---Team-DBGT-Cary
department-of-veterans-affairs	Tech-Jam-2013---Team-Double-Impact
department-of-veterans-affairs	Tech-Jam-2013---IBM-Federal
department-of-veterans-affairs	Tech-Jam-2013---Infusion-
department-of-veterans-affairs	Tech-Jam-2013---Islington-Green
department-of-veterans-affairs	Tech-Jam-2013---Rambo-Tango-Panda-
department-of-veterans-affairs	Tech-Jam-2013---Team-11
department-of-veterans-affairs	Tech-Jam-2013---vCare
department-of-veterans-affairs	va-data
department-of-veterans-affairs	gi-bill-comparison-tool-old
department-of-veterans-affairs	MBOOP
department-of-veterans-affairs	VA_OPEN_DATA_IPT
department-of-veterans-affairs	VA_DATA_ASSETS
department-of-veterans-affairs	VA_Data_Assets_NCA
department-of-veterans-affairs	VA_Data_Assets_VBA
department-of-veterans-affairs	VA_Data_Assets_HR
department-of-veterans-affairs	VA_Data_Assets_OM
department-of-veterans-affairs	private-care-eligibility
department-of-veterans-affairs	Leo
department-of-veterans-affairs	dsva
department-of-veterans-affairs	ChartReview
department-of-veterans-affairs	VA_Data_Assets_OGC
department-of-veterans-affairs	VA_Open_Data_Assets_OSDBU
department-of-veterans-affairs	vets-website
department-of-veterans-affairs	SCIInterim
department-of-veterans-affairs	VA_Data_Assets_Finance
department-of-veterans-affairs	OM-Aug-2015-Finance
department-of-veterans-affairs	NGL-Aug-2015
department-of-veterans-affairs	NGL-August-2015
department-of-veterans-affairs	NCA-1
department-of-veterans-affairs	dsva-portfolio
department-of-veterans-affairs	VBA-August-2015
department-of-veterans-affairs	NCA-NGL-Aug-2015
department-of-veterans-affairs	efolder-express
department-of-veterans-affairs	OPP---Living-Veterans-By-Age-Group-Gender-2013-2043
department-of-veterans-affairs	VA_Data_Assets_VHA
department-of-veterans-affairs	connect_vbms
department-of-veterans-affairs	va-quickstart
department-of-veterans-affairs	omniauth-saml-va
department-of-veterans-affairs	gi-bill-comparison-tool
department-of-veterans-affairs	old-caseflow
department-of-veterans-affairs	Test-NCA-CSVs
department-of-veterans-affairs	COIN-0017
department-of-veterans-affairs	COIN-0017-CARS-Age-Profile-Report-09-30-2015
department-of-veterans-affairs	COIN-0022-CARS-Monthly-Totals-Part-I---09-30-2015
department-of-veterans-affairs	COIN-145-Monthly-CRS-Totals-Report---09-30-2015
department-of-veterans-affairs	COIN-146-Monthly-Top-Totals---09-30-2015
department-of-veterans-affairs	TS-Note-Vol-2-Issue-10
department-of-veterans-affairs	TS-Note-Vol-2-Issue-9
department-of-veterans-affairs	TS-Note-Vol-2-Issue-8
department-of-veterans-affairs	TS-Note-Vol-2-Issue-7
department-of-veterans-affairs	TS-Note-Vol-2-Issue-6
department-of-veterans-affairs	django-designstandards
department-of-veterans-affairs	VHA-Asset
department-of-veterans-affairs	VHA-Facilities
department-of-veterans-affairs	va_common
department-of-veterans-affairs	yulelog
department-of-veterans-affairs	1010ez-er
department-of-veterans-affairs	sample-repository
department-of-veterans-affairs	Performance-and-AccountabilityReport
department-of-veterans-affairs	2014-Performance-and-Accountability-Report
department-of-veterans-affairs	VA-Performance-and-Accountability-Report-Part-1
department-of-veterans-affairs	VA-PAR-Part-Two-Major-Management-Challenges-
department-of-veterans-affairs	Performance-and-Accountability-Report-Part-Two
department-of-veterans-affairs	OM_VA_Data_Assets
department-of-veterans-affairs	roadrunner
department-of-veterans-affairs	service-and-facility-locator
department-of-veterans-affairs	stale-o-matic
department-of-veterans-affairs	caseflow-efolder
department-of-veterans-affairs	NCA-Temp-Repo
department-of-veterans-affairs	vets.gov-status
department-of-veterans-affairs	veterans-employment-center
department-of-veterans-affairs	kilter
department-of-veterans-affairs	roadrunner-rails
department-of-veterans-affairs	sniffybara
department-of-veterans-affairs	roadrunner-styles
department-of-veterans-affairs	caseflow-certification
department-of-veterans-affairs	ChoiceActLocator
department-of-veterans-affairs	vets.gov
department-of-veterans-affairs	ruby-bgs
department-of-veterans-affairs	gibct-data-service
department-of-veterans-affairs	roadrunner-react
department-of-veterans-affairs	ruby-usps
department-of-veterans-affairs	healthcare-application
department-of-veterans-affairs	NGL-Alaska
department-of-veterans-affairs	ngl_alabama
department-of-veterans-affairs	ngl_arizona
department-of-veterans-affairs	ngl_arkansas
department-of-veterans-affairs	ngl_california
department-of-veterans-affairs	ngl_colorado
department-of-veterans-affairs	ngl_connecticut
department-of-veterans-affairs	ngl_delaware
department-of-veterans-affairs	ngl_florida
department-of-veterans-affairs	ngl_foreign_addresses
department-of-veterans-affairs	ngl_georgia
department-of-veterans-affairs	ngl_hawaii
department-of-veterans-affairs	ngl_idaho
department-of-veterans-affairs	ngl_illinois
department-of-veterans-affairs	ngl_indiana
department-of-veterans-affairs	ngl_iowa
department-of-veterans-affairs	ngl_kansas
department-of-veterans-affairs	ngl_kentucky
department-of-veterans-affairs	ngl_louisiana
department-of-veterans-affairs	ngl_maine
department-of-veterans-affairs	ngl_maryland
department-of-veterans-affairs	ngl_massachusetts
department-of-veterans-affairs	ngl_michigan
department-of-veterans-affairs	ngl_minnesota
department-of-veterans-affairs	ngl_mississippi
department-of-veterans-affairs	ngl_missouri
department-of-veterans-affairs	ngl_montana
department-of-veterans-affairs	ngl_nebraska
department-of-veterans-affairs	ngl_nevada
department-of-veterans-affairs	ngl_new_hampshire
department-of-veterans-affairs	ngl_new_jersey
department-of-veterans-affairs	ngl_new_mexico
department-of-veterans-affairs	ngl_new_york
department-of-veterans-affairs	ngl_north_carolina
department-of-veterans-affairs	ngl_north_dakota
department-of-veterans-affairs	ngl_ohio
department-of-veterans-affairs	ngl_oklahoma
department-of-veterans-affairs	ngl_oregon
department-of-veterans-affairs	ngl_pennsylvania
department-of-veterans-affairs	ngl_rhode_island
department-of-veterans-affairs	ngl_south_carolina
department-of-veterans-affairs	ngl_south_dakota
department-of-veterans-affairs	ngl_tennessee
department-of-veterans-affairs	ngl_texas
department-of-veterans-affairs	ngl_usa_territoties
department-of-veterans-affairs	ngl_utah
department-of-veterans-affairs	ngl_vermont
department-of-veterans-affairs	ngl_virginia
department-of-veterans-affairs	ngl_washington
department-of-veterans-affairs	ngl_washingtondc
department-of-veterans-affairs	ngl_west_virginia
department-of-veterans-affairs	ngl_wisconsin
department-of-veterans-affairs	ngl_wyoming
department-of-veterans-affairs	roadrunner-rails-starter-project
department-of-veterans-affairs	VHAJSONFiles
department-of-veterans-affairs	VeteransCrisisLineDataDictionary
department-of-veterans-affairs	VAEnrolleesByCountyFY2015
department-of-veterans-affairs	NepecPtsdDataDictionary
department-of-veterans-affairs	VeteransCrisisLineFY11FOIA1500242
department-of-veterans-affairs	VeteransCrisisLineFY12FOIA1500242
department-of-veterans-affairs	VeteransCrisisLineFY13FOIA1500242
department-of-veterans-affairs	VeteransCrisisLineFY14FOIA1500242
department-of-veterans-affairs	VAEnrolleesByCountyDataDictionary
department-of-veterans-affairs	NEPEC_AnnualDataSheet_MH_FY15
department-of-veterans-affairs	NEPEC_Overview_PTSD_FY15
department-of-veterans-affairs	NEPEC_AnnualDataSheet_PTSD_FY15
department-of-veterans-affairs	NEPEC_Overview_PTSD_FY14
department-of-veterans-affairs	VeteransCrisisLineFY11toFY14AggregateFOIA1500242
department-of-veterans-affairs	TBIDiagnosisHCUReportFY14
department-of-veterans-affairs	TBIScreeningFY12HSRDSeminar
department-of-veterans-affairs	VAEnrolleesByCountyFY2015.json
department-of-veterans-affairs	VHA-Files
department-of-veterans-affairs	hacktheforms
department-of-veterans-affairs	prescriptions
department-of-veterans-affairs	prescriptions-api
department-of-veterans-affairs	mock-prescriptions-api
department-of-veterans-affairs	ansible-common-roles
department-of-veterans-affairs	roadrunner-devops
department-of-veterans-affairs	va_rx
department-of-veterans-affairs	vets-api
department-of-veterans-affairs	id-me-demo
department-of-veterans-affairs	vets.gov-ui-components
department-of-veterans-affairs	ProPathDisplayRACIAPI
