orgname	name
disic	rgaa_referentiel
disic	rgaa_bibliotheques_javascript
disic	rgaa_composants_javascript
disic	rgaa_methodologie
disic	referentiel-mobile-tactile
disic	rgaa_modeles_documents
disic	guide-contribuer_accessible
disic	guide-mobile_app_dev_natif
disic	guide-mobile_app_dev_hybride
disic	guide-mobile_app_audit
disic	guide-mobile_app_conception
disic	rgaa_referentiel_en
disic	rgaa_bibliotheques-javascript
disic	rgaa_jquery-ui
disic	rgaa_react-bootstrap
disic	rgaa_angular-bootstrap
disic	referentiel-cms
disic	rgaa_referentiel_3-2016
disic	guides-documents_bureautiques_accessibles
disic	guide-integrateur
