orgname	name
e-gob	api-standards
e-gob	portal-de-datos
e-gob	checklists
e-gob	dashboard-cxc
e-gob	heartbleed.gob.cl
e-gob	e-gob.github.io
e-gob	postulaciones
e-gob	cumplimiento-gob
e-gob	cumplimiento
e-gob	cumplimiento-ogp
e-gob	gobcl-template
e-gob	desarrollo-digital
e-gob	gobcl-wp
e-gob	abreCL
e-gob	datal-landing
e-gob	transantiago-app
e-gob	Notificaciones-SES
e-gob	datoscl-ckan_theme
e-gob	modernizacion
e-gob	softwarepublico_cl
e-gob	gobiernoabierto
e-gob	ObservatorioDigital
e-gob	GobiernoTransparente
e-gob	ComunidadTecnologica
e-gob	ChileAtiende
e-gob	SIMPLE
e-gob	api-instituciones
e-gob	api-instituciones-v2
e-gob	api-feriados
e-gob	api-dpa
e-gob	api-polimetales
e-gob	ChileAtiende-buscador
e-gob	facilita-chileatiende
e-gob	GuiaDigital
e-gob	chilesinpapeleo-instituciones
e-gob	chilesinpapeleo-soporte
e-gob	chilesinpapeleo-ayuda
e-gob	ChileSinPapeleo
e-gob	api-barra
e-gob	GobiernoTransparenteChile
e-gob	apps.gob.cl
e-gob	integracion-continua
e-gob	Ejemplos-OpenIDConnect-Clave-Unica
e-gob	api-facilitadores
e-gob	Ejemplos-API-Banco
e-gob	API-Wrapper-SES
e-gob	polimetales-arica
e-gob	demo-interoperabilidad
e-gob	interoperabilidad
e-gob	soporte-digital
