orgname	name
east-sussex-county-council	Escc.WebAuthorMonitoring
east-sussex-county-council	Escc.Redmine.Theme
east-sussex-county-council	Escc.Cms.PageDeleter
east-sussex-county-council	Escc.Cms.SetDefaultResourceGallery
east-sussex-county-council	Escc.Search
east-sussex-county-council	Escc.Search.Google
east-sussex-county-council	Escc.Redmine.Sql
east-sussex-county-council	Escc.Search.Website
east-sussex-county-council	Escc.Cms.FindResourcesInWrongGallery
east-sussex-county-council	Escc.Cms.IdentifyUnusedResources
east-sussex-county-council	Escc.Cms.WebServices
east-sussex-county-council	Escc.Cms.ResourceHelper
east-sussex-county-council	Escc.Gritting.GrittingMap
east-sussex-county-council	Escc.ResponsiveDesignDemo
east-sussex-county-council	AccessEastSussex.Jobs
east-sussex-county-council	Escc.WebsiteStyleGuide
east-sussex-county-council	Escc.TextEmailNewsletterStandard
east-sussex-county-council	Escc.AZ
east-sussex-county-council	Escc.Events.Website
east-sussex-county-council	Escc.Politics
east-sussex-county-council	Escc.Schools.TermDates.Website
east-sussex-county-council	Escc.Web
east-sussex-county-council	Escc.EastSussexGovUK
east-sussex-county-council	Escc.ServiceClosures
east-sussex-county-council	Escc.Net
east-sussex-county-council	Escc.Feeds
east-sussex-county-council	Escc.Exceptions.Soap
east-sussex-county-council	Escc.NavigationControls.WebForms
east-sussex-county-council	Escc.TextStatistics
east-sussex-county-council	Escc.AddressAndPersonalDetails
east-sussex-county-council	Escc.Web.Metadata
east-sussex-county-council	Escc.ActiveDirectory
east-sussex-county-council	Escc.HouseStyle
east-sussex-county-council	Escc.Services
east-sussex-county-council	Escc.Services.Azure
east-sussex-county-council	Escc.AzureEmailForwarder
east-sussex-county-council	Escc.Umbraco.PropertyEditors
east-sussex-county-council	Escc.Elibrary
east-sussex-county-council	Escc.Umbraco
east-sussex-county-council	Escc.AddressAndPersonalDetails.Controls
east-sussex-county-council	Escc.AzureDeployment
east-sussex-county-council	Escc.Alerts.Website
east-sussex-county-council	Escc.EastSussexGovUK.UmbracoDocumentTypes
east-sussex-county-council	Escc.EastSussexGovUK.UmbracoViews
east-sussex-county-council	Escc.Cms.IdentifyUnusedGroups
east-sussex-county-council	Escc.Cms
east-sussex-county-council	Escc.ClientDependencyFramework
east-sussex-county-council	Escc.WebApplicationSetupScripts
east-sussex-county-council	Escc.ModernGov.Website
east-sussex-county-council	Escc.js
east-sussex-county-council	Escc.Umbraco.MediaSync
east-sussex-county-council	Escc.Geo
east-sussex-county-council	Escc.Libraries.BranchFinder
east-sussex-county-council	Escc.FormControls.WebForms
east-sussex-county-council	Escc.RubbishAndRecycling.SiteFinder
east-sussex-county-council	Escc.Data.Ado
east-sussex-county-council	Escc.DatabaseFileControls
east-sussex-county-council	Escc.Html
east-sussex-county-council	Escc.SubscriptionControls.WebForms
east-sussex-county-council	Escc.Redirects
east-sussex-county-council	Escc.Umbraco.ContentExperiments
east-sussex-county-council	Escc.Umbraco.HeatmapAnalytics
east-sussex-county-council	KuduIssue1694Demo
east-sussex-county-council	Escc.Umbraco.Banners
east-sussex-county-council	Escc.SocialCareCosts.Website
east-sussex-county-council	Escc.SocialCareTranslations.Website
east-sussex-county-council	Escc.DistrictAndBoroughCouncils
east-sussex-county-council	Escc.Search.AutoComplete
east-sussex-county-council	Escc.Registration.BookingTemplate
east-sussex-county-council	Escc.Roads.Roadworks
east-sussex-county-council	Escc.Gritting
east-sussex-county-council	Escc.Gritting.Decisions.Web
east-sussex-county-council	Escc.Dates
east-sussex-county-council	Escc.Microformats.WebForms
east-sussex-county-council	Escc.BasicAuthentication.WebApi
east-sussex-county-council	Escc.Umbraco.UserAccessWebService
east-sussex-county-council	Escc.EastSussexGovUK.Umbraco
east-sussex-county-council	Escc.Umbraco.UserAccessManager
