orgname	name
EnvironmentAgency	API-Dev
EnvironmentAgency	os-places-address-lookup
EnvironmentAgency	dst-south-prototypes
EnvironmentAgency	waste-exemptions
EnvironmentAgency	digital-services-core
EnvironmentAgency	waste-exemptions-shared
EnvironmentAgency	admin-prototype-kit
EnvironmentAgency	prsd-iws
EnvironmentAgency	prsd-weee
EnvironmentAgency	UX
EnvironmentAgency	front-office-core
EnvironmentAgency	static-service-pages
EnvironmentAgency	pafs-user
EnvironmentAgency	data-returns-help
EnvironmentAgency	pafs_core
EnvironmentAgency	river-permissions-prototype
EnvironmentAgency	before_commit
EnvironmentAgency	data-returns-sandbox
EnvironmentAgency	copykit
EnvironmentAgency	os_map_ref
EnvironmentAgency	ea-address_lookup
EnvironmentAgency	ea-area_lookup
EnvironmentAgency	dst-guides
EnvironmentAgency	farm-visits-prototype
EnvironmentAgency	flood-risk-engine
EnvironmentAgency	flood-risk-front-office
EnvironmentAgency	live-flood-warnings
EnvironmentAgency	quke
EnvironmentAgency	defra-portfolio
EnvironmentAgency	data-returns-management-ui
EnvironmentAgency	flood-prototype
EnvironmentAgency	flood-prototype-static
EnvironmentAgency	flood-playground
EnvironmentAgency	data-returns-acceptance-tests
EnvironmentAgency	iws-prototype
EnvironmentAgency	fmp-app
EnvironmentAgency	fmp-tests
