orgname	name
erasme	check_cciss
erasme	sinatra_skeleton
erasme	erajs
erasme	shortie
erasme	vagrant-dev-env
erasme	liberasme-http-cil
erasme	liberasme-cloud-cil
erasme	kjing
erasme	website_griotte
erasme	guidelines
erasme	webnapperon2
erasme	androidwifidirect
erasme	ansible-rbenv
erasme	ansible-ruby-compiled
erasme	erasme-roles-specs
erasme	ansible-nginx
erasme	ansible-php5-fpm
erasme	ansible-nodejs
erasme	ansible-etherpad
erasme	ansible-simplesaml
erasme	ansible-laclasse-sso
erasme	ansible-laclasse-annuaire
erasme	ansible-laclasse-register
erasme	ansible-redis
erasme	ansible-laclasse-portail
erasme	ansible-laclasse-cahiertextes
erasme	ansible-laclasse-docs
erasme	ansible-laclasse-suiviperso
erasme	ansible-laclasse-adminpanel
erasme	ansible-laclasse-backend
erasme	ansible-laclasse-frontend
erasme	ansible-memcached
erasme	ansible-laclasse-publipostage
erasme	ansible-mysql
erasme	ansible-mysql-client
erasme	ansible-tmux
