orgname	name
erdc-cm	buildbot-test
erdc-cm	HostTest
erdc-cm	levee-femtec2011
erdc-cm	proteus
erdc-cm	zlib
erdc-cm	triangle
erdc-cm	tetgen
erdc-cm	szip
erdc-cm	superlu
erdc-cm	numexpr
erdc-cm	nose
erdc-cm	daetk
erdc-cm	hdf5
erdc-cm	proteus-mprans
erdc-cm	python-hpcmp
erdc-cm	seminar
erdc-cm	hpc3geo
erdc-cm	mpi4py
erdc-cm	petsc4py
erdc-cm	petsc-BuildSystem
erdc-cm	python
erdc-cm	proteus-notebooks
erdc-cm	proteus-levees
erdc-cm	petsc-dev
erdc-cm	jasper
erdc-cm	grib_api
erdc-cm	pyproj
erdc-cm	pygrib
erdc-cm	netCDF
erdc-cm	netCDF4-Python
erdc-cm	polyfiles
erdc-cm	waveSolutions
erdc-cm	hashstack-private
erdc-cm	proteus-profile
erdc-cm	air-water-vv
erdc-cm	single-beam-larc
erdc-cm	stationary-lidar
erdc-cm	colorado-precip
erdc-cm	hello_world
erdc-cm	proteus_gauge_example
erdc-cm	hrw_duck_15
erdc-cm	proteus_scaling
erdc-cm	ipython_profile
erdc-cm	proteus-ps
erdc-cm	AutoRoutePy
erdc-cm	tethysapp-streamflow_prediction_tool
erdc-cm	spt_ecmwf_autorapid_process
erdc-cm	spt_lsm_autorapid_process
erdc-cm	spt_dataset_manager
erdc-cm	RAPIDpy
erdc-cm	RAPID_Toolbox
erdc-cm	hydro-stats
erdc-cm	workshops
erdc-cm	AutoRoute-Toolbox
