orgname	name
etalab	weckan
etalab	ckanext-etalab
etalab	biryani
etalab	etalab-to-ckan
etalab	ckan-toolbox
etalab	etalab-ckan-harvesters
etalab	mediawiki-etalab-skin
etalab	askbot-etalab-skin
etalab	etalab-assets
etalab	etalab-ckan-scripts
etalab	ckan-of-worms
etalab	ckanext-fedmsg
etalab	cowbots
etalab	youckan
etalab	etalab-assets-demo-images
etalab	ckanext-oauth2
etalab	ckanext-youckan
etalab	dactylo
etalab	etalab-support
etalab	landing-page
etalab	cada
etalab	ckanext-sentry
etalab	udata-gouvfr
etalab	ban-geocode
etalab	cle-interoperabilite-adresse
etalab	adresse.data.gouv.fr
etalab	deleted-datasets-schema
etalab	ban-data
etalab	geozones
etalab	udata-dockers
etalab	GitLegistique.jl
etalab	Legit.jl
etalab	codes-juridiques-francais
etalab	lois-non-codifiees-et-reglements-francais
etalab	plan-ogp-2015-2017
etalab	labels-and-roads
etalab	cartocss-jurpol
etalab	utilery-recipe-jurpol
etalab	carto-map-jurpol
etalab	utilery-recipe-ban
etalab	HackFrancophonie
etalab	geologos
etalab	collectivites.data.gouv.fr
etalab	cartes.data.gouv.fr
etalab	geohisto
