orgname	name
europeana	Europeana-Cloud
europeana	Europeana-Creative
europeana	openculture
europeana	Europeana1914-1918
europeana	europeana-client
europeana	tools
europeana	uim-europeana
europeana	uim-core
europeana	api2
europeana	corelib
europeana	portal
europeana	contrib
europeana	GlobalNav
europeana	broken_dont_bother_exhibitions
europeana	portal_translations
europeana	Europeana-Patternlab
europeana	statistics
europeana	annotation
europeana	Labs
europeana	OAI-PMH
europeana	ImageHarvester
europeana	REPOX
europeana	mint2
europeana	labs-dev
europeana	labs-acceptance
europeana	labs-accepetance-website
europeana	labs-preview
europeana	labs-preview-website
europeana	labs-dev-website
europeana	WPBlog
europeana	publication
europeana	europeana-client-ruby
europeana	Europeana-Professional
europeana	openskos-client-ruby
europeana	mongo-file-storage
europeana	metis
europeana	filebrowser
europeana	europeana-portal-collections
europeana	data-exporter
europeana	europeana-static
europeana	java-buildpack-pass-dea
europeana	europeana-styleguide-ruby
europeana	ui-components
europeana	Europeana-Research
europeana	europeana-blacklight
europeana	artd
europeana	Europeana-Labs
europeana	europeana-proxy-ruby
europeana	europeana-ui-components-php
europeana	entity-autocompletion
europeana	europeana-api-client-ruby
europeana	search
europeana	europeana-statistics-dashboard
europeana	europeana-statistics-grape
europeana	europeana-redirecter
europeana	portal-apache-web
europeana	europeana-sitemap
europeana	EDM-validation
europeana	entity-api
europeana	europeana-redirects
europeana	Europeana-Hierarchies
europeana	metis-authentication
europeana	metis-identifier
europeana	maintenance
europeana	api-demo
europeana	metis-dereference
europeana	europeana-oembed-provider
europeana	metis-framework
europeana	europeana-dev-guides
europeana	europeana-virtual-exhibitions
europeana	metis-language-normalization
europeana	Europeana-Cloud-OAIPMH-Loader
europeana	metis-mapping-framework
europeana	api-commons
europeana	fogup
europeana	eurubyana
europeana	europeana-classification-test
europeana	europeana-ldf-deployment
