orgname	name
fcc	DeveloperView
fcc	Crawler
fcc	Sitemaps
fcc	QSearch
fcc	jQuery-and-Google-Analytics-Tools
fcc	Look-and-Feel-Wrapper
fcc	National-Broadband-Map-Web-App
fcc	Faceted-Search-Widget
fcc	NBM-Processing
fcc	Digital-Strategy-Progress
fcc	Auction901-Results
fcc	usf_erate_fy2010
fcc	ib-traffic-2010
fcc	lpfm
fcc	lpfmpoints
fcc	unserved_fixed_broadband
fcc	spectrum-band-plans
fcc	rightrail
fcc	vagrant-synthetic-data-machine
fcc	calltraffic
fcc	pirateaction2
fcc	RuralHealthPilot
fcc	706_map
fcc	mobile-mba-converter
fcc	JSON2CSV-PHP
fcc	clearinghouseSDK
fcc	caf1_round2
fcc	CGSA
fcc	SABdata
fcc	cost_map
fcc	cost_model_illustration
fcc	modernizing-e-rate-101
fcc	wireless-license-boundaries
fcc	Constraint-Generator
fcc	vizmo
fcc	FCC-APIs
fcc	connect2health-map
fcc	ror-map
fcc	cost_model_map
fcc	cgsamap
fcc	caf-2-final-areas-map
fcc	caf-2-final-map
fcc	caf-2-vermont-map
fcc	overbuilt-map
fcc	caf-2-accepted-map
fcc	design-standards
fcc	bpr-map-2016
fcc	gisp-map-demo
fcc	ias-map-1
fcc	ias-map-2
fcc	ias-map-4
fcc	ias-map-6
