orgname	name
fedspendingtransparency	Data-Transparency-Town-Hall
fedspendingtransparency	USASpending-Issue-Tracker
fedspendingtransparency	data-act-broker
fedspendingtransparency	data-act-broker-web-app
fedspendingtransparency	data-act-validator
fedspendingtransparency	data-act-core
fedspendingtransparency	data-act-build-tools
fedspendingtransparency	data-act-job-manager
fedspendingtransparency	openbeta
fedspendingtransparency	DATAActStyleGuide
fedspendingtransparency	data-store-api
fedspendingtransparency	data-act-broker-backend
