orgname	name
gcba	visualizaciones-gcbadata
gcba	edac2000_cleaner
gcba	chappa
gcba	widget_ptp
gcba	gcba.github.io
gcba	fcttj
gcba	Scrapy-Django
gcba	BAPI-service_inspector
gcba	git-score
gcba	monday-report
gcba	bawifi
gcba	educacion
gcba	newsletter
gcba	iconos
gcba	infoDisplay
gcba	BADistro
gcba	scripts-gcbadata
gcba	mapa-de-obras
gcba	gcaba_drupal_form
gcba	estandar-sensores
gcba	expobici
gcba	zeromq-arduino-example
gcba	sensor-bicis
gcba	hackdash-bahackaton
gcba	BAFICI
gcba	mapa-emprendedores
gcba	django-oidc
gcba	egov-dashboard
gcba	visualizacion3D-gpx
gcba	chartRadialFisico
gcba	baid-openid-client-php
gcba	Desafio-Minimos-Cuadrados
gcba	sensores
gcba	captura-osc
gcba	presupuesto-gcba
gcba	presentacion-gcba
gcba	expertnet
gcba	Sulma
gcba	datafest2014
gcba	inscripciones-escolares-2015
gcba	iotPlataforma
gcba	medicionEnergia
gcba	apmov
gcba	mapeoGeolocalizadoDeDatos
gcba	gcba_baid_connect
gcba	BAhackdash
gcba	analisisMovilidadVehicular
gcba	oidc-client-php
gcba	pantallas
gcba	baid-front
gcba	api_sensores
gcba	mapa-puntos
gcba	yun_sensor
gcba	viz-centenario-subte
gcba	get_twitter_followers
gcba	mapa-obras-app
gcba	Corredores-de-transito
gcba	dashAPRA
gcba	mantenimiento-obras-data
gcba	estacionesambiente
gcba	tod
gcba	acoso-callejero
gcba	comunas_participativas
gcba	tallerIntroOpenData
gcba	cursoISC
gcba	scripts-dashboard-civico
gcba	webapp-dashboard-civico
gcba	phantom_traffic
gcba	precio-oferta-departamentos
gcba	red-comunidad
gcba	OpenBAID
