orgname	name
gds-operations	unicornherder
gds-operations	puppet-rbenv
gds-operations	puppet-skeleton
gds-operations	puppet-syntax
gds-operations	puppet-resolvconf
gds-operations	puppet-hosts
gds-operations	puppet-graphite
gds-operations	puppet-openconnect
gds-operations	puppet-updatemotd
gds-operations	puppet-auditd
gds-operations	vcloud-walker
gds-operations	vcloud-tools
gds-operations	vcloud-core
gds-operations	collectd-cdn
gds-operations	vcloud-edge_gateway
gds-operations	vcloud-net_launcher
gds-operations	puppet-aptly
gds-operations	vcloud-launcher
gds-operations	vcloud-tools-tester
gds-operations	gds-operations.github.io
gds-operations	puppet-goenv
gds-operations	ubuntu_unused_kernels
gds-operations	puppet-unattended_reboot
