orgname	name
gds-attic	jquery-link-annotator
gds-attic	geolib
gds-attic	rack-geo
gds-attic	cdn_helpers
gds-attic	decision-tree
gds-attic	need-o-tron
gds-attic	meetingotron
gds-attic	winston
gds-attic	sign-on-o-tron
gds-attic	geogov
gds-attic	searchtools
gds-attic	jobs
gds-attic	planner
gds-attic	Browserview
gds-attic	packages
gds-attic	chief_whip
gds-attic	fco
gds-attic	contact-o-tron
gds-attic	scala-router
gds-attic	gds-warmup-controller
gds-attic	passphrase_entropy
gds-attic	migratorator
gds-attic	prototyping
gds-attic	review-o-matic
gds-attic	datainsight-frontend
gds-attic	datainsight-narrative-collector
gds-attic	datainsight-narrative-recorder
gds-attic	datainsight-weekly-reach-recorder
gds-attic	boxes
gds-attic	datainsight-todays-activity-recorder
gds-attic	datainsight-ga-collector
gds-attic	datainsight-nongovuk-reach-collector
gds-attic	datainsight_logging
gds-attic	datainsight-ga-functional-test
gds-attic	datainsight-format-success-recorder
gds-attic	datainsight-everything-recorder
gds-attic	govuk_spider
gds-attic	govuk-archive
gds-attic	govuk-search-health
gds-attic	government-digital-strategy
gds-attic	datainsight_recorder
gds-attic	datainsight-insidegov-recorder
gds-attic	vcloudtools
gds-attic	trade-tariff-suite
gds-attic	datainsight_collector
gds-attic	datainsight-insidegov-collector
gds-attic	vagrant-govuk
gds-attic	datainsight-govuk-collector
gds-attic	limelight
gds-attic	transaction-wrappers
gds-attic	boxgrinder-appliances
gds-attic	redirector-data
gds-attic	transition-old
gds-attic	backdrop-ga-collector
gds-attic	machine-bootstrap
gds-attic	pp-puppet
gds-attic	puppet-backdrop
gds-attic	fact-cave
gds-attic	backdrop-ga-realtime-collector
gds-attic	puppet-limelight
gds-attic	backdrop-pingdom-collector
gds-attic	backdrop-collector
gds-attic	gantry
gds-attic	monitoring-inabox
gds-attic	public-bodies
gds-attic	fco-services
gds-attic	pp-development
gds-attic	puppet-elasticsearch
gds-attic	open-source-guidelines
gds-attic	vcloud-net-spinner
gds-attic	transactions-explorer
gds-attic	puppet-google_credentials
gds-attic	vcloud-box-spinner
gds-attic	gds-attic.github.io
gds-attic	servicechecker
gds-attic	smart_pay
gds-attic	review-o-matic-explore
gds-attic	content-planner
gds-attic	DataGov
gds-attic	external-link-tracker
gds-attic	vcloud-core-TEST
gds-attic	finder-api
gds-attic	pp-machine-images
gds-attic	backdrop-ga-trending-collector
gds-attic	govuk_redirector-puppet
gds-attic	transition-dashboard
gds-attic	cma-crawlers
gds-attic	backdrop-collector-plugins
gds-attic	smartdown
gds-attic	battlestations
gds-attic	performanceplatform-notifier
gds-attic	url-arbiter
gds-attic	collections-api
gds-attic	vcloud-disk_launcher
gds-attic	performance-frontend
gds-attic	courts-api
gds-attic	email-alert-monitor
gds-attic	courts-frontend
gds-attic	pp-self-serve
gds-attic	performanceplatform-selfserve
gds-attic	performanceplatform-schema
gds-attic	govuk-prototype-stat-headline
gds-attic	paas-ldap-server-ansible
gds-attic	tagging-migration-verifier
gds-attic	paas-docker-terraform
gds-attic	govuk_healthcheck
gds-attic	govuk-publishing-pipeline-tests
