orgname	name
GeoscienceAustralia	earthsci
GeoscienceAustralia	conn4D
GeoscienceAustralia	gocad-projector
GeoscienceAustralia	tcrm
GeoscienceAustralia	glue_hazimp
GeoscienceAustralia	agdc
GeoscienceAustralia	Wind_multipliers
GeoscienceAustralia	ga-aem
GeoscienceAustralia	iSentinel
GeoscienceAustralia	LidarProcessingScripts
GeoscienceAustralia	geo-web-toolkit
GeoscienceAustralia	geo-web-toolkit-examples
GeoscienceAustralia	eo-tools
GeoscienceAustralia	unstructInterp
GeoscienceAustralia	TsuTools
GeoscienceAustralia	flowtools
GeoscienceAustralia	PF3D
GeoscienceAustralia	anuga_core
GeoscienceAustralia	tesseract
GeoscienceAustralia	geodesy-sitelog-domain
GeoscienceAustralia	geodesyml-java-bindings
GeoscienceAustralia	gdf
GeoscienceAustralia	anuga_benchmarks
GeoscienceAustralia	anuga-viewer
GeoscienceAustralia	rics
GeoscienceAustralia	eqrm
GeoscienceAustralia	eo-datasets
GeoscienceAustralia	geoscience-portal-laurie
GeoscienceAustralia	pds-tools
GeoscienceAustralia	igssitelog-java-bindings
GeoscienceAustralia	geodesy-domain-model
GeoscienceAustralia	geodesy-web-services
GeoscienceAustralia	ptha
GeoscienceAustralia	explorer-map-components
GeoscienceAustralia	explorer-ui-components
GeoscienceAustralia	geoscience-portal-geonetwork
GeoscienceAustralia	anuga_user_manual
GeoscienceAustralia	sifra
GeoscienceAustralia	explorer-rock-properties-components
GeoscienceAustralia	explorer-search-components
GeoscienceAustralia	interactive-maps
GeoscienceAustralia	proms_sumatra
GeoscienceAustralia	Nickel-Mineral-Potential-Modelling
GeoscienceAustralia	fetch
GeoscienceAustralia	smallest_app_in_history
GeoscienceAustralia	hydroid
GeoscienceAustralia	GeodesyML
GeoscienceAustralia	hydroid-client
GeoscienceAustralia	aera-client
GeoscienceAustralia	aera-api
GeoscienceAustralia	xml-schemer
GeoscienceAustralia	rules_ga_ogcws
GeoscienceAustralia	azuria
GeoscienceAustralia	DOIMintWS
GeoscienceAustralia	arr
GeoscienceAustralia	eGeodesy
GeoscienceAustralia	docker_hydroid_demo
GeoscienceAustralia	BAL
GeoscienceAustralia	aws-openquake
GeoscienceAustralia	seismic-database-conversion-scripts
GeoscienceAustralia	stormwavecluster
GeoscienceAustralia	rdi-portal
GeoscienceAustralia	watson
GeoscienceAustralia	amazonia
GeoscienceAustralia	datacube-ingester
GeoscienceAustralia	explorer-yourmaps-components
GeoscienceAustralia	sissvoc-resources
GeoscienceAustralia	ndvi
GeoscienceAustralia	toucan
GeoscienceAustralia	eGeodesy-parent
