orgname	name
govcms	govcms.gov.au-Theme
govcms	govcms_whitesites
govcms	site-backup
govcms	govCMS
govcms	smoke-tests
govcms	ona-theme
govcms	CDPP
govcms	crimtrac_theme
govcms	ipaustralia_psb_theme
govcms	datagovblog
govcms	FWBC
govcms	govdex-support
govcms	DoESoE
govcms	aclei
govcms	govcms-theme
govcms	ASADA-theme
govcms	ACORN
govcms	govcms-ckan
govcms	costingsbeta
govcms	aviation_complaints
govcms	MHS_theme
govcms	dcomms_arts
govcms	govstrap
govcms	audit-site
govcms	MTPC_theme
govcms	ARENA_theme
govcms	PEQA_theme
govcms	SDI_theme
govcms	AHW_theme
govcms	PSIT_theme
