orgname	name
gsa	fckeditor
gsa	datafiles-wordpress-plugin
gsa	federal-open-source-repos-php
gsa	federal-open-source-repos
gsa	federal-open-source-repos-ruby
gsa	ckanext-geodatagov
gsa	digital-strategy
gsa	digital-strategy-report-generator
gsa	uReport
gsa	mygov-mobile-first-foundation
gsa	slash-developer-pages
gsa	pdf-filler
gsa	epa_uv_index
gsa	omniauth-mygov
gsa	mygov-bar
gsa	mygov-discovery
gsa	mygov-forms
gsa	DataBeam
gsa	benefits-mockup
gsa	recalls_api
gsa	jobs_api
gsa	mygov-feedback-reporting
gsa	mygov-account
gsa	labs-html
gsa	mygov-account-php-sdk
gsa	usa-faqs
gsa	idm
gsa	unclaimed_money
gsa	GSA-APIs
gsa	ckanext-saml2
gsa	data.gov
gsa	SMR-site-embed
gsa	Mobile-Code-Catalog
gsa	Mobile-Web-Manual-Testing-Script
gsa	myusa-account-demo
gsa	federal-apps-gallery-widgets
gsa	mygov-admin-tasks
gsa	myusa-tasks
gsa	Crowdsource-Testing-USDA_FSIS
gsa	hyabusa
gsa	modus-operandi
gsa	just_inform
gsa	just_inform_web
gsa	.Gov-Content-as-an-API
gsa	embedding-data-catalogs
gsa	enterprise-data-inventory
gsa	Crowdsource-Testing-CIO.gov
gsa	govt-urls
gsa	logo
gsa	datagov-design
gsa	twitter-widgets-gallery
gsa	Template-Microsite
gsa	Open-Data-Collaboration-Sandbox
gsa	Very-Simple-API
gsa	Developer-Feedback-for-Government-APIs
gsa	search.digitalgov.gov
gsa	API-Resources
gsa	ckan-php-client
gsa	ckan-php-manager
gsa	wp-open311
gsa	pod-schema-variants
gsa	PricesPaidAPI
gsa	sam_api
gsa	datagov-deploy
gsa	idp
gsa	arcgis-map
gsa	custom-contact-forms
gsa	custom-post-view-generator
gsa	datagov-custom
gsa	metric-count
gsa	restrict-categories
gsa	saml-20-single-sign-on
gsa	sticky-posts-in-category
gsa	suggested-datasets
gsa	twitter-posts-to-blog
gsa	twitter-widget-pro
gsa	usa-search
gsa	wordpress-seo
gsa	Open-And-Structured-Content-Models
gsa	Crowdsource-Testing-DFAS.mil
gsa	FedCMS-Slider
gsa	Crowdsource-Testing-HHS-ACF.gov
gsa	instant-comment-validation
gsa	asis
gsa	simple-tooltips
gsa	ckanext-googleanalyticsbasic
gsa	wp-external-links
gsa	Crowdsource-Testing-NOAA-CrowdMag
gsa	Crowdsource-Testing-ABMC.gov
gsa	IAE-Architecture
gsa	auctions_api
gsa	datagov-presentations
gsa	testsite922
gsa	Crowdsource-Testing-HHS-MAIN
gsa	data.gov-styleguide
gsa	developers
gsa	data
gsa	data.json-template
gsa	sites-digitalgov-search
gsa	Very-Simple-API-2
gsa	sitelink_generator
gsa	openIAE
gsa	punchcard
gsa	Crowdsource-Testing-NOAA-CrowdMag--iOS
gsa	Crowdsource-Testing-Central-Artifact-Repository
gsa	social-media-registry-api
gsa	labs
gsa	fssi-file-processor
gsa	https
gsa	Crowdsource-Testing-NIH-HCI-1-2015
gsa	eMuseum-API
gsa	seo
gsa	participation-playbook
gsa	Holiday-Utility
gsa	Membership-Utility
gsa	open311-github
gsa	Crowdsource-Testing-Connect.gov_3-2015
gsa	USA.gov-API-Integration
gsa	GitHub-Administration
gsa	i14y
gsa	agile_accelerator_admin_guide
gsa	structured_content_wordpress
gsa	opensource-framework
gsa	ckanext-datagovtheme
gsa	custom-permalinks
gsa	FederalHierarchy-Crosswalk
gsa	github-federal-stats
gsa	tsd-agile-cm-manifesto
gsa	vocab.data.gov
gsa	ckanext-extlink
gsa	Salesforce-Communities-Login
gsa	scopeid-script
gsa	tsd-agile-sdlc
gsa	wp-digitalgov-i14y-indexer
gsa	fssi-file-processor-gui
gsa	Crowdsource-Testing-SBA.gov_7-2015
gsa	activerecord-validate_unique_child_attribute
gsa	font-awesome-grunticon-rails
gsa	tsd-ga-framework
gsa	Crowdsource-Testing-Federal-Crowdsourcing-and-Citizen-Science-Toolkit_8-2015
gsa	hello-react
gsa	Crowdsource-Testing-TSA.GOV_9-2015
gsa	catalog-deploy
gsa	dg-search
gsa	catalog-app
gsa	Crowdsource-Testing-FTC-IdentityTheft.gov_11-2015
gsa	ficam-arch
gsa	datagov-cloud-migration
gsa	q-and-a
gsa	gsa-doc-digital-signature
gsa	datagovATO
gsa	ficam-guides
gsa	fpki-guides
gsa	piv-guides
gsa	datagov-bosh
gsa	Crowdsource-Testing-USCIS.gov_2_2016
gsa	GSADigitalService
gsa	datagov-infrastructure
gsa	sf-sandbox-post-copy
gsa	CAP-Documentation
gsa	iae-uikit-php
gsa	catalog-solr
gsa	catalog-fgdc2iso
gsa	catalog-db
gsa	catalog-scheduler
gsa	inventory-solr
gsa	inventory-datapusher
gsa	catalog-pycsw
gsa	catalog-nginx
gsa	NAP-Stat
gsa	pbs-sensor
gsa	jekyll-centos-deploy
gsa	us-data-federation
gsa	governmentwide-classifications
gsa	cto-website
gsa	cto-website-placeholder
gsa	sdg-indicators
gsa	API-Framework
gsa	ficam-federation
gsa	ficam-management
