orgname	name
gsi-cyberjapan	next
gsi-cyberjapan	ckanext-basemaps
gsi-cyberjapan	jmp2ckan
gsi-cyberjapan	vector-tile-experiment
gsi-cyberjapan	layers-dot-txt-spec
gsi-cyberjapan	style-dot-js-spec
gsi-cyberjapan	geojson-with-style-spec
gsi-cyberjapan	escape-route
gsi-cyberjapan	ontake
gsi-cyberjapan	ontake-3d
gsi-cyberjapan	mapuse4
gsi-cyberjapan	elevation-php
gsi-cyberjapan	dnd-ol3
gsi-cyberjapan	experimental_dem
gsi-cyberjapan	experimental_fgd
gsi-cyberjapan	cocotile-mkmokuroku
gsi-cyberjapan	cocotile-mokuroku2csv
gsi-cyberjapan	cocotile-csv2cocotile
gsi-cyberjapan	mokuroku-spec
gsi-cyberjapan	mokuroku-generator
gsi-cyberjapan	gsimaps
gsi-cyberjapan	cc-migrate
gsi-cyberjapan	cocotile-spec
gsi-cyberjapan	hashtags
gsi-cyberjapan	experimental_pp
gsi-cyberjapan	experimental_cp
gsi-cyberjapan	experimental_zk25000
gsi-cyberjapan	experimental_wmts
gsi-cyberjapan	qdltc
gsi-cyberjapan	experimental_anno
gsi-cyberjapan	dkgshp2geojsontiles
gsi-cyberjapan	gdal2xyztiles.py
gsi-cyberjapan	mkserial
gsi-cyberjapan	vectiles-mapkit
gsi-cyberjapan	ua_daily
gsi-cyberjapan	mokuroku-health-check
gsi-cyberjapan	sl
gsi-cyberjapan	gsitiles-leaflet
gsi-cyberjapan	gsitiles-openlayers3
gsi-cyberjapan	gsitiles-openlayers2
gsi-cyberjapan	gsitiles-cesium
gsi-cyberjapan	reduce-cocotile-2015-07
gsi-cyberjapan	server-load
gsi-cyberjapan	daicho-spec
gsi-cyberjapan	daicho-init
gsi-cyberjapan	daicho-update
gsi-cyberjapan	daicho-export
gsi-cyberjapan	fractional-z
gsi-cyberjapan	watchizu-index-html
gsi-cyberjapan	kakotile-spec
gsi-cyberjapan	kakotile-generator
gsi-cyberjapan	3s
gsi-cyberjapan	cmp
gsi-cyberjapan	bp2geojson
gsi-cyberjapan	hadoop-cocotile-201509
gsi-cyberjapan	experimental_anno-zh-cn
gsi-cyberjapan	23118
gsi-cyberjapan	tactile
gsi-cyberjapan	yapng
gsi-cyberjapan	praas-spec
gsi-cyberjapan	tum
gsi-cyberjapan	legacy_cyberjapan_symbols
gsi-cyberjapan	dev_gsimaps_fy2015
gsi-cyberjapan	vector_tiles_convert
gsi-cyberjapan	experimental_landformclassification
gsi-cyberjapan	gsimaps_160314
gsi-cyberjapan	gsimaps_test
gsi-cyberjapan	gsimaps-globe
gsi-cyberjapan	legacy_mapcase
gsi-cyberjapan	legacy_old_gsimaps
gsi-cyberjapan	legacy_old_gsimaps_flash
gsi-cyberjapan	Web-Map-Source-for-Tile-Maps
