orgname	name
guidance-guarantee-programme	prototypes
guidance-guarantee-programme	register_your_interest
guidance-guarantee-programme	docker-ruby
guidance-guarantee-programme	docker-base
guidance-guarantee-programme	docker-rails_build
guidance-guarantee-programme	alpha
guidance-guarantee-programme	pension_guidance
guidance-guarantee-programme	dashboards
guidance-guarantee-programme	docker-jenkins
guidance-guarantee-programme	deployment-thing-wip
guidance-guarantee-programme	content_performance
guidance-guarantee-programme	email_templates
guidance-guarantee-programme	smoke_tests
guidance-guarantee-programme	output
guidance-guarantee-programme	booking
guidance-guarantee-programme	heroku-buildpack-princexml-old
guidance-guarantee-programme	prince-xml-demo
guidance-guarantee-programme	record_of_guidance_pilot
guidance-guarantee-programme	locator
guidance-guarantee-programme	router
guidance-guarantee-programme	output-uat
guidance-guarantee-programme	digest
guidance-guarantee-programme	deployer
guidance-guarantee-programme	switchboard
guidance-guarantee-programme	untouched_pot_calculator
guidance-guarantee-programme	data-alpha
guidance-guarantee-programme	summary_generator
guidance-guarantee-programme	data-storage
guidance-guarantee-programme	location-register
guidance-guarantee-programme	data
guidance-guarantee-programme	pensionbot
guidance-guarantee-programme	reporting
guidance-guarantee-programme	planner
guidance-guarantee-programme	booking_locations
