orgname	name
HHSIDEAlab	SmartDME
HHSIDEAlab	medicaid_eligibility
HHSIDEAlab	mlvs
HHSIDEAlab	provider-data-tools
HHSIDEAlab	pjson
HHSIDEAlab	CHPL-OpenAPI
HHSIDEAlab	django-providerregistry
HHSIDEAlab	DDOD-HealthData.gov
HHSIDEAlab	bbonfhir-server
HHSIDEAlab	hhsdevcloud-chef-repo
HHSIDEAlab	bluebutton-text-to-fhir
HHSIDEAlab	bluebutton-parent-pom
HHSIDEAlab	hhsdevcloud-ansible
HHSIDEAlab	bluebutton-data-pipeline
HHSIDEAlab	bluebutton-ansible
HHSIDEAlab	fhir-stress-test
HHSIDEAlab	bluebutton-functional-tests
