orgname	name
hmrc	simple-reactivemongo
hmrc	sbt-git-stamp
hmrc	sbt-settings
hmrc	reactivemongo-json
hmrc	time
hmrc	emailaddress
hmrc	service-manager
hmrc	play-health
hmrc	http-exceptions
hmrc	mongo-caching
hmrc	captain
hmrc	assets-frontend
hmrc	sbt-bobby
hmrc	worldpay-report-generator
hmrc	release
hmrc	car-tax-calculator
hmrc	play-breadcrumb
hmrc	sbt-auto-code-review
hmrc	hmflow
hmrc	http-verbs
hmrc	url-builder
hmrc	play-ui
hmrc	domain
hmrc	sbt-bintray-publish
hmrc	hmrctest
hmrc	play-graphite
hmrc	play-config
hmrc	play-filters
hmrc	play-json-logger
hmrc	tax-credits-service-alpha-prototype
hmrc	a-b-test
hmrc	play-partials
hmrc	tabular-data-validator
hmrc	sbt-auto-build
hmrc	releaser
hmrc	reference-checker
hmrc	jenkins-job-builders
hmrc	git-stamp
hmrc	accessibility-driver
hmrc	sbt-git-versioning
hmrc	jenkins-jobs
hmrc	bobby-open-config
hmrc	play-authorisation
hmrc	order-id-encoder
hmrc	hmrc.github.io
hmrc	mongo-lock
hmrc	init-repository-py
hmrc	sbt-templates
hmrc	wristband-frontend
hmrc	sbt-distributables
hmrc	play-scheduling
hmrc	microservice-bootstrap
hmrc	wristband
hmrc	play-events
hmrc	reactivemongo-test
hmrc	secure
hmrc	crypto
hmrc	frontend-bootstrap
hmrc	govuk-template
hmrc	help-frontend
hmrc	batch-updater
hmrc	stream-processor
hmrc	pertax-integration
hmrc	play-url-binders
hmrc	json-encryption
hmrc	mdtp-frontend-microservice
hmrc	http-caching-client
hmrc	bulk-entity-streaming
hmrc	mdtp-api-microservice
hmrc	worldpay-downloader
hmrc	init-repository
hmrc	tax-account-router-frontend
hmrc	ct-calculations
hmrc	play-authorised-frontend
hmrc	http-verbs-test
hmrc	play-auditing
hmrc	mdtp-contributor-guidelines
hmrc	generator-hmrc-prototype-kit
hmrc	tax-credits-calculator-frontend
hmrc	node-git-versioning
hmrc	reactive-circuit-breaker
hmrc	pbik-frontend
hmrc	performance-test-runner
hmrc	play-language
hmrc	api-example-scala-client
hmrc	api-example-java-client
hmrc	nisp
hmrc	app-config-validator
hmrc	pbik
hmrc	nisp-frontend
hmrc	antivirus-scanner
hmrc	play-async
hmrc	teams-and-services
hmrc	play-conditional-form-mapping
hmrc	component-library-template
hmrc	address-lookup-demo
hmrc	paac-frontend
hmrc	paac
hmrc	alert-config-builder
hmrc	catalogue-frontend
hmrc	init-service
hmrc	taxcalc
hmrc	taxcalc-frontend
hmrc	indicators
hmrc	phone-number
hmrc	zone-health
hmrc	api-gatekeeper-frontend
hmrc	play-time
hmrc	fleximon
hmrc	init-webhook
hmrc	capital-gains-calculator-frontend
hmrc	play-whitelist-filter
hmrc	for-frontend
hmrc	address-reputation-ingester
hmrc	address-reputation-store
hmrc	gmp-frontend
hmrc	platops-service-hook
hmrc	push-notification
hmrc	play-hal
hmrc	bank-account-reputation-frontend
hmrc	customer-profile
hmrc	file-upload
hmrc	personal-income
hmrc	dynamic-stub
hmrc	tcs-frontend
hmrc	api-revocation-frontend
hmrc	capital-gains-calculator
hmrc	mobile-messages
hmrc	submission-tracker
hmrc	flume-http-sink
hmrc	play-hmrc-api
hmrc	mongo-vagrant
hmrc	tax-year
hmrc	child-benefits-prototype
hmrc	work-item-repo
hmrc	updated-print-suppressions
hmrc	pensions-lifetime-allowance-frontend
hmrc	tamc
hmrc	tamc-frontend
hmrc	cb-frontend
hmrc	self-assessment
hmrc	self-assessment-api
hmrc	bta-persistence
hmrc	cb-submission
hmrc	agent-self-assessment
hmrc	git-client
hmrc	clamav-client
hmrc	push-registration
hmrc	github-client
hmrc	pla-dynamic-stub
hmrc	pensions-lifetime-allowance
hmrc	api-integration-test-runner
hmrc	business-matching
hmrc	sbt-distributables-25
hmrc	play-config-25
hmrc	play-json-logger-25
hmrc	play-graphite-25
hmrc	play-auditing-25
hmrc	http-verbs-25
hmrc	play-health-25
hmrc	business-registration-frontend
hmrc	sbt-auto-build-25
hmrc	play-filters-25
hmrc	sbt-distributables-plugin-25
hmrc	business-customer
hmrc	iht-api
hmrc	sbt-git-versioning-25
hmrc	apprenticeship-levy
hmrc	microservice-bootstrap-25
hmrc	agent-access-control
hmrc	apprenticeship-levy-stub
hmrc	play-url-binders-25
hmrc	hmrctest-25
hmrc	frontend-bootstrap-25
hmrc	employment-check
hmrc	employment-check-stub
hmrc	secure-message-renderer
hmrc	contact-advisors-frontend
hmrc	file-upload-frontend
hmrc	investment-tax-relief-frontend
hmrc	investment-tax-relief
hmrc	investment-tax-relief-submission-frontend
hmrc	investment-tax-relief-submission
hmrc	investment-tax-relief-submission-stub
hmrc	investment-tax-relief-subscription
hmrc	investment-tax-relief-subscription-stub
hmrc	investment-tax-relief-subscription-frontend
hmrc	service-releases
hmrc	campaign-manager
hmrc	campaign-manager-frontend
hmrc	investment-tax-relief-submission-dynamic-stub
hmrc	investment-tax-relief-subscription-dynamic-stub
hmrc	investment-tax-relief-agent
hmrc	investment-tax-relief-agent-frontend
hmrc	investment-tax-relief-agent-dynamic-stub
hmrc	birth-registration-matching
hmrc	gmp-bulk
hmrc	gmp
hmrc	back-office-adapter
hmrc	state-pension
hmrc	native-apps-api-orchestration
hmrc	agent-client-authorisation
hmrc	embedded-drools
hmrc	fset-faststream-frontend
hmrc	fset-faststream
hmrc	agent-client-authorisation-frontend
hmrc	voa-property-linking-frontend
hmrc	fset-fasttrack
hmrc	fset-fasttrack-frontend
hmrc	ers-checking-frontend
hmrc	self-service-time-to-pay-frontend
hmrc	fset-faststream-prototype
hmrc	incorporation-dynamic-stub
