orgname	name
HSLdevcom	hsl-navigator
HSLdevcom	hsl-visualisation
HSLdevcom	navigator-proto
HSLdevcom	navigator-server
HSLdevcom	localroute
HSLdevcom	kalkati2gtfs
HSLdevcom	navigator-recorder
HSLdevcom	parkandrideAPI
HSLdevcom	digitransit
HSLdevcom	hsl-card-java
HSLdevcom	digitransit-deploy
HSLdevcom	digitransit-data
HSLdevcom	hsl-now
HSLdevcom	digitransit-geocoder
HSLdevcom	digitransit-map
HSLdevcom	digitransit-ui
HSLdevcom	routes-in-future
HSLdevcom	bus-call-analysis
HSLdevcom	pelias-gtfs
HSLdevcom	digitransit-site
HSLdevcom	pelias-nlsfi-places-importer
HSLdevcom	digitransit-benchmark
HSLdevcom	pelias-data-container
HSLdevcom	hsl-map-style
HSLdevcom	tilelive-hsl-parkandride
HSLdevcom	tilelive-otp-citybikes
HSLdevcom	pelias-fuzzy-tests
HSLdevcom	hsl-map-server
HSLdevcom	tilelive-otp-routes
HSLdevcom	hsl-map-generator-ui
HSLdevcom	OpenTripPlanner-data-container
HSLdevcom	digitransit-proxy
HSLdevcom	tilelive-hsl-ticket-sales
HSLdevcom	digitransit-openshift-deploy
HSLdevcom	hastus2gtfs
