orgname	name
IATI	IATI-XSLT
IATI	IATI-Previewer
IATI	CSV2IATI-backend
IATI	IATI-Registry-Refresher
IATI	IATI-Public-Validator
IATI	iati-datastore
IATI	IATI-Schemas
IATI	IATI-Query-Builder
IATI	IATI-Stats
IATI	IATI-Websites
IATI	IATI-Codelists
IATI	IATI-Rulesets
IATI	IATI-Standard-SSOT
IATI	IATI-Extra-Documentation
IATI	IATI-Developer-Documentation
IATI	IATI-Dashboard
IATI	IATI-Codelists-NonEmbedded
IATI	iati.github.io
IATI	IATI-Guidance
IATI	IATI-Implementation-Schedule
IATI	AidTransparency-website
IATI	IATI-Website-Tests
IATI	IATI-Wiki-Archive
IATI	IATI-Missing-Activity-Checker
IATI	AidInfoLabs-CSV-Downloader
