orgname	name
informaticslab	site
informaticslab	code
informaticslab	lab-graphics
informaticslab	rpms
informaticslab	ptt-advisor
informaticslab	shirly
informaticslab	phtweet
informaticslab	clip
informaticslab	healthnews
informaticslab	commsphere-gwt
informaticslab	samwise
informaticslab	vrminesim
informaticslab	nomenclature
informaticslab	toxguide
informaticslab	phix
informaticslab	mmwr-nav
informaticslab	mmwr-map
informaticslab	respguide
informaticslab	std1
informaticslab	std2
informaticslab	mobile-framework-testing-apps
informaticslab	informaticslab.github.com
informaticslab	pedigree
informaticslab	retro
informaticslab	bluebird
informaticslab	photon
informaticslab	apollo
informaticslab	lydia-jqm
informaticslab	lydia-droid
informaticslab	lydia-py
informaticslab	lydia-ios
informaticslab	iiu-glass
informaticslab	photon-droid
informaticslab	ebolocatemp-ios
informaticslab	VAECalc
informaticslab	LabSafe
informaticslab	cardboard
informaticslab	AppLabSite
informaticslab	sitemon
informaticslab	umlsoapnode
informaticslab	umlsoapjava
informaticslab	applab
informaticslab	wp-applab
informaticslab	lifeguard
informaticslab	commSphere-yo
informaticslab	deathreport-android
informaticslab	commsphere
informaticslab	pptgen
informaticslab	iiu-mean-boilerplate
informaticslab	mmwrcase
informaticslab	umlsite
informaticslab	anubis
informaticslab	jupiter
informaticslab	UMLServer
informaticslab	W5HProto
informaticslab	lydia-watchkit
informaticslab	AngularTwo
informaticslab	anubis_ionic
informaticslab	appl-py
informaticslab	zika-prototype
informaticslab	sauron
informaticslab	iiu-health
informaticslab	JiraCalendar
informaticslab	tempmon
informaticslab	ServiceDeskJiraDashboardPlugin
informaticslab	InfrastructureJiraPlugin
informaticslab	MCMS
informaticslab	iiu-carekit
informaticslab	zika-risk-assessment
