orgname	name
internationaltradeadministration	WebSite
internationaltradeadministration	developerportal
internationaltradeadministration	3Mpage
internationaltradeadministration	Embassy
internationaltradeadministration	dbia
internationaltradeadministration	tradegov
internationaltradeadministration	webservices-data
internationaltradeadministration	widgets
internationaltradeadministration	webservices-new
internationaltradeadministration	webservices
internationaltradeadministration	csl-search
internationaltradeadministration	industry_mapping
internationaltradeadministration	mrl-search
internationaltradeadministration	explorer
internationaltradeadministration	webservices-archive
