orgname	name
interlegis	colab-git
interlegis	il.portalinterlegis
interlegis	sigi
interlegis	puppet-postfix
interlegis	puppet-davical
interlegis	puppet-etherpad
interlegis	saal
interlegis	puppet-heartbeat
interlegis	puppet-thunderbird
interlegis	puppet-dovecot
interlegis	puppet-moodle
interlegis	moodle_profilefield_cpf
interlegis	moodle_certificates
interlegis	moodle_theme
interlegis	puppet-dnsshim
interlegis	dnsshim
interlegis	puppet-bacula
interlegis	puppet-fusiondirectory
interlegis	moodle_block_verify_certificate
interlegis	fusiondirectory-interlegis-svcs
interlegis	moodle_enrol_ilbead
interlegis	moodle_theme_ilb2014
interlegis	puppet-certificates
interlegis	moodle_tool_forgotten
interlegis	puppet-web2py
interlegis	saap
interlegis	puppet-piwik
interlegis	puppet-factsdir
interlegis	moodle_get_certificate
interlegis	puppet-vfense
interlegis	moodle_enrol_ilbeadtutorado
interlegis	puppet-squid3
interlegis	moodle_report_ilbenrol
interlegis	interlegis.portalmodelo.transparency
interlegis	interlegis.portalmodelo.api
interlegis	interlegis.portalmodelo.buscadores
interlegis	interlegis.portalmodelo.ombudsman
interlegis	interlegis.portalmodelo.pl
interlegis	interlegis.portalmodelo.policy
interlegis	interlegis.portalmodelo.theme
interlegis	interlegis.intranetmodelo.departments
interlegis	interlegis.intranetmodelo.policy
interlegis	portalmodelo
interlegis	portalmodelo-unifiedinstaller
interlegis	fusiondirectory-interlegis-admin
interlegis	fusiondirectory-interlegis-schema
interlegis	puppet-nfs
interlegis	puppet-buildout
interlegis	moodle_report_messages
interlegis	interlegis.recipe.sapl
interlegis	Arduino-Zabbix-Agent
interlegis	puppet-webacula
interlegis	interlegis.github.io
interlegis	fusiondirectory-varnishnginx-schema
interlegis	fusiondirectory-varnishnginx
interlegis	puppet-varnishnginx-fd
interlegis	moodle_mod_abook
interlegis	moodle_profilefield_autocomplete
interlegis	puppet-interlegis-python-devtools
interlegis	regcert
interlegis	puppet-realmd
interlegis	spdo
interlegis	interlegis.portalmodelo.migrator
interlegis	puppet-regcert
interlegis	puppet-pentaho
interlegis	vagrant-puppet-pentaho
interlegis	trml2pdf_lepri
interlegis	analise_sapl_antigo
interlegis	sapl
interlegis	sublime_ipython_pick
interlegis	puppet-envfact
interlegis	puppet-pm3
interlegis	pm3-puppet-installer
interlegis	moodle-theme_escolamodelo
interlegis	moodle-report_ilbsplit
interlegis	plone-puppet-installer
interlegis	docker-pm3
interlegis	puppet-opendkim
interlegis	hiera-openstack
interlegis	puppet-letsencrypt_centralized
interlegis	atendimento
interlegis	docker-sapl
interlegis	docker-dnsshim
interlegis	docker-powerdns
interlegis	docker-pdnsadmin
