orgname	name
ioos	pyoos
ioos	sos-injector
ioos	sensor-web-harvester
ioos	cf4j
ioos	phenomena
ioos	ioos-sos-common
ioos	sos-injector-example
ioos	wicken
ioos	ioos-sos-validator
ioos	petulant-bear
ioos	metamap
ioos	glider_dac_thredds_catalog
ioos	ioos.github.io
ioos	service-monitor
ioos	ioossos2kml
ioos	compliance-checker
ioos	comt_catalog
ioos	system-test
ioos	ncsos-deployment
ioos	sos-injector-db
ioos	conda-recipes
ioos	registry
ioos	i52n-sos
ioos	vocabularies
ioos	ioosngdac
ioos	comt
ioos	db2ncsos
ioos	freezing-avenger
ioos	comt_2
ioos	comt_1_archive
ioos	comt_notebooks
ioos	ncml
ioos	glider-dac
ioos	qartod
ioos	ioos-sos-compliance-tests
ioos	ioos-csv-tsv
ioos	flot_graph_examples
ioos	conventions-for-observing-asset-identifiers
ioos	sos-guidelines
ioos	biological-data-services
ioos	animal-telemetry
ioos	ioos-chrome
ioos	metadataTransformations
ioos	metadataValidations
ioos	glider-dac-status
ioos	HF-radar
ioos	cc-plugin-glider
ioos	compliance-checker-web
ioos	APIRUS
ioos	odvc
ioos	configuration-management
ioos	passive-acoustics
ioos	ciso
ioos	gliders
ioos	cc-plugin-ncei
ioos	model-data-framework
ioos	cc-plugin-sgrid
ioos	ioos-us
ioos	ioos-sos-issues-generic
ioos	catalog-ckan
ioos	notebooks_demos
ioos	eds
ioos	catalog-docker-base
ioos	catalog-docker-ckan
ioos	catalog-docker-pycsw
ioos	catalog-docker-ckan-harvest
ioos	catalog-harvesting
ioos	catalog-registry
ioos	catalog-harvest-registry
ioos	sos-dif
ioos	catalog
