orgname	name
kentcc	kentgov
kentcc	kcc-gruntfiles
kentcc	google-map-json
kentcc	kentcc.github.io
kentcc	scrolling-template
kentcc	oo-map-search
kentcc	side-scrolling
kentcc	kelsi
kentcc	adoption
kentcc	fostering
kentcc	kscb
kentcc	fostering-jekyll
kentcc	chimp-build-task
kentcc	ebbsfleet
kentcc	baseline
kentcc	pensions
kentcc	kpho
kentcc	speed-awareness
kentcc	cmp
kentcc	webhooktest
kentcc	staffcareservices
kentcc	ans-rapidprototyping
kentcc	kpho-instant-atlas
kentcc	kentgov-third-party
kentcc	wpb
kentcc	alpha-kentgov-prototypes
kentcc	kentgov-ict
