orgname	name
labhackercd	dados-abertos-2.0
labhackercd	painel-social
labhackercd	labhackercd.net
labhackercd	assemble-feed-download
labhackercd	edm
labhackercd	dados-abertos
labhackercd	brasilcausal
labhackercd	tonacamara
labhackercd	cloud_text
labhackercd	edmfeed
labhackercd	estagioparticipacao
labhackercd	teste_participativo
labhackercd	piwipi
labhackercd	REA
labhackercd	mapa-do-livro
labhackercd	wikilegis
labhackercd	retorica-rails
labhackercd	heroku-buildpack-gettext
labhackercd	raspador-legislativo
labhackercd	estagioparticipacao-feed
labhackercd	novo-retorica
labhackercd	blog
labhackercd	fontastic-labhacker
labhackercd	lab-discourse
labhackercd	colab-wikilegis-plugin
labhackercd	colab-discourse-plugin
labhackercd	wikilegis-client
labhackercd	edemocracia-chef
labhackercd	mail-marketing
labhackercd	mail-marketing-2
labhackercd	mail-marketing-3
labhackercd	colab-edemocracia-plugin
