orgname	name
landregistry-ops	packer-centos7
landregistry-ops	puppet-control
landregistry-ops	puppet-test-env
landregistry-ops	puppet-tester
landregistry-ops	puppet-tester-dashboard
landregistry-ops	packer-lr-centos
landregistry-ops	puppet-control-tests
landregistry-ops	puppet-wsgi
landregistry-ops	puppet-control-security-tests
landregistry-ops	terraform-test
landregistry-ops	postgres_failover
landregistry-ops	enterprisedb
landregistry-ops	bart
landregistry-ops	dev-env-template
landregistry-ops	PEM
landregistry-ops	terrarform-drv-ddp
landregistry-ops	puppet-security-deprecated
landregistry-ops	rabbitmq-tri-cluster
landregistry-ops	terrarform-dm-ddp
landregistry-ops	terrarform-lc-ddp
landregistry-ops	app-list
landregistry-ops	puppet-gradle_deploy
landregistry-ops	version-control
landregistry-ops	terraform-jenkins-ddp
landregistry-ops	ci-sample-app
landregistry-ops	puppet-application
landregistry-ops	hiera-tester
landregistry-ops	puppet-gradle
landregistry-ops	puppet-dnsserver
landregistry-ops	terraform-demo
landregistry-ops	puppet-security
landregistry-ops	puppet-files
landregistry-ops	puppet-semodules
landregistry-ops	puppet-filebeat
landregistry-ops	puppet-logreceiver
landregistry-ops	puppet-logconsumer
landregistry-ops	puppet-rabbit
landregistry-ops	puppet-elastic
landregistry-ops	puppet-kibana
