orgname	name
LandRegistry	system-of-record-alpha
LandRegistry	mint-alpha
LandRegistry	the-feeder-alpha
LandRegistry	architecture
LandRegistry	development-environment-alpha
LandRegistry	search-api-alpha
LandRegistry	property-frontend-alpha
LandRegistry	casework-frontend-alpha
LandRegistry	public-titles
LandRegistry	acceptance-tests-alpha
LandRegistry	build-dashboard
LandRegistry	elastic-search-server
LandRegistry	team-dashboard
LandRegistry	generate-test-data-alpha
LandRegistry	service-frontend-alpha
LandRegistry	pull-dashboard
LandRegistry	test-dashboard
LandRegistry	html-prototypes
LandRegistry	infrastructure-puppet-devkit
LandRegistry	service-tests-alpha
LandRegistry	geo
LandRegistry	service-tests-dashboard
LandRegistry	datatypes-alpha
LandRegistry	audit-plugin-alpha
LandRegistry	landregistry.github.io
LandRegistry	decision-alpha
LandRegistry	ownership-alpha
LandRegistry	cases-alpha
LandRegistry	introductions-alpha
LandRegistry	migration-emitter
LandRegistry	historian-alpha
LandRegistry	mapbooth
LandRegistry	lr-utils
LandRegistry	hackday
LandRegistry	internal-style-guide
LandRegistry	lr-tutorials
LandRegistry	acceptance-tests-lib
LandRegistry	workflow-prototypes
LandRegistry	jekyll-frontend-kit
LandRegistry	mean-frontend-kit
LandRegistry	casework-prototypes
LandRegistry	property-frontend-ruby
LandRegistry	system-of-record
LandRegistry	charges-prototype-option-3
LandRegistry	property-frontend
LandRegistry	property-api
LandRegistry	development-environment
LandRegistry	mint
LandRegistry	centos-dev-env
LandRegistry	test-stubs
LandRegistry	digital-register-frontend
LandRegistry	digital-register-api
LandRegistry	charges-html-prototypes
LandRegistry	property-page-html-prototypes
LandRegistry	register-publisher
LandRegistry	import-addressbase
LandRegistry	generate-site-maps
LandRegistry	charges-api-prototype
LandRegistry	login-api
LandRegistry	python_logging
LandRegistry	RabbitMQ-Logging
LandRegistry	land-charges-discovery
LandRegistry	trill
LandRegistry	digital-register-frontend-prototype
LandRegistry	python-govuk-template
LandRegistry	digital-register-elasticsearch-updater
LandRegistry	govuk-flask-skeleton
LandRegistry	digital-register-dashboard
LandRegistry	charges-borrower-frontend
LandRegistry	devenv-casework
LandRegistry	charges-api-skeleton
LandRegistry	charges-deed-api
LandRegistry	standard-env
LandRegistry	dev-vm
LandRegistry	cases-api
LandRegistry	charges-control
LandRegistry	update-register
LandRegistry	casework-style-guide
LandRegistry	register-metadata
LandRegistry	devenv-landcharges
LandRegistry	charges-conveyancer-frontend
LandRegistry	deploy-controller
LandRegistry	charges-case-api
LandRegistry	lc-public-api
LandRegistry	lr-style-guide
LandRegistry	digital-register-static-error-page
LandRegistry	lc-automatic-process
LandRegistry	lc-alpha-demo-utilities
LandRegistry	titles-api
LandRegistry	lc-land-charges
LandRegistry	digital-register-smoke-tests
LandRegistry	lr-styleguide-website
LandRegistry	charges-scribe
LandRegistry	lc-alpha-automation-rules
LandRegistry	lc-casework-api
LandRegistry	lr-casework-prototype
LandRegistry	env_up
LandRegistry	lc-migrator
LandRegistry	lc-synchroniser
LandRegistry	lc-legacy-adapter
LandRegistry	current-register-api
LandRegistry	prototype-kit
LandRegistry	lc-casework-frontend
LandRegistry	lc-error-reporting
LandRegistry	lc-name-indexing
LandRegistry	lc-name-search
LandRegistry	charges-verifudge
LandRegistry	lc-document-api
LandRegistry	charges-matching-service
LandRegistry	digital-register-acceptance-tests
LandRegistry	lc-paper-capture
LandRegistry	data-publication-environment
LandRegistry	data-publication-backend
LandRegistry	data-publication-frontend
LandRegistry	address-search-api
LandRegistry	charges-catalogue
LandRegistry	drv-flask-based-prototype
LandRegistry	lc-acceptance-tests
LandRegistry	scrum-reporting-prototype
LandRegistry	devenv-scrum-reporting
LandRegistry	scrum-reporting-frontend
LandRegistry	scrum-reporting-backend
LandRegistry	land-interest-spike
LandRegistry	charges-api-spike
LandRegistry	lc-bankruptcy-process
LandRegistry	digital-register-test-proxy-server
LandRegistry	data-publication-static-error-page
LandRegistry	dm-dev-env
LandRegistry	lc-prototype
LandRegistry	dm-acceptance-tests
LandRegistry	dm-borrower-frontend
LandRegistry	dm-api-skeleton
LandRegistry	dm-deed-api
LandRegistry	gitflow-training-project
LandRegistry	gitflow-training-testing
LandRegistry	digital-register-fake-db2-api
LandRegistry	data-publications-prototype
LandRegistry	data-publication-platform
LandRegistry	digital-register-fake-wpac
LandRegistry	drv-ux-prototypes
LandRegistry	devenv-dm-processing
LandRegistry	dm-client-examples
LandRegistry	devenv-drv
LandRegistry	public-account-services-frontend
LandRegistry	lc-public-api-test-stub
LandRegistry	queue-manager
LandRegistry	RabbitMQ-Queue-Manager
LandRegistry	dm-release-documentation
LandRegistry	land-registry-elements
LandRegistry	db2-express
LandRegistry	dmp-prototype
LandRegistry	digital-portfolio
LandRegistry	workflow-prototype-govuk
LandRegistry	land-registry-elements-examples
LandRegistry	llc-prototype
LandRegistry	digital-mortgage-prototypes
LandRegistry	find-property-information-prototype
LandRegistry	dm-title-adaptor-stub
LandRegistry	dm-register-adapter-stub
LandRegistry	api-docs
