orgname	name
lexml	lexcomp
lexml	lexml-swing-spellchecker
lexml	mvn-repo
lexml	public-maven-parent
lexml	pdfa-helper
lexml	xloom
lexml	lexml-swing-componentes
lexml	lexml-swing-editorhtml
lexml	madoc
lexml	lexml-renderer-rtf
lexml	lexml-renderer-pdf
lexml	lexml-xml-schemas
lexml	lexml-parser-projeto-lei
lexml	lexml-renderer-scala
lexml	lexml-parser-projeto-lei-ws-api
lexml	lexml-parser-projeto-lei-ws
lexml	jshortcut
lexml	lexml-diff
lexml	lexml-linker
lexml	lexml-toolkit
lexml	lexml-coleta-validador
lexml	wiki
lexml	proxy-vole-lexml
lexml	silex-requisitos
lexml	eventstream
lexml	akka-javascript-actor
lexml	json-model-mirror-actor
lexml	lexml-xml-samples
