orgname	name
libraryofcongress	viewshare
libraryofcongress	chronam
libraryofcongress	bagit-python
libraryofcongress	pairtree
libraryofcongress	bagit-java
libraryofcongress	iptables-gem
libraryofcongress	wdl-viewer
libraryofcongress	gazetteer
libraryofcongress	bagger
libraryofcongress	bagger-js
libraryofcongress	pimtoolbox
libraryofcongress	mods2bibframe
libraryofcongress	premis-v3-0
libraryofcongress	django-tabular-export
libraryofcongress	MarcMods3.5xsl
libraryofcongress	MarcMods3.6xsl
libraryofcongress	simple-artifact-uploader
libraryofcongress	marc2mads20
libraryofcongress	locator
