orgname	name
linz	pgc_checksum
linz	linz_bde_copy
linz	linz_bde_uploader
linz	linz_bde_perl
linz	linz_utils_perl
linz	concord
linz	linz_asp_uploader
linz	gazetteer_basemap
linz	lds_esri_tools
linz	ogrtools
linz	QGIS-LandXML-Plugin
linz	mbtileutls
linz	download_ta_bdys
linz	linz_basemaps
linz	gazetteer
linz	nzmapconv
linz	datumgrid
linz	deformation-tools
linz	liblinz-bern-perl
linz	liblinz-geodetic-perl
linz	liblinz-gnss-perl
linz	linz-bernese52-util
linz	linz-coordsys
linz	python-linz-adjustment
linz	python-linz-bernese
linz	python-linz-deformationmodel
linz	python-linz-fileunittest
linz	python-linz-geodetic
linz	python-linz-pyaxis
linz	python-linz-stationcoordmodel
linz	python-linz-util
linz	QGIS-AIMS-Plugin
linz	postgresql-dbpatch
linz	postgresql-tableversion
linz	linz-bde-schema
linz	linz-postgresql-functions
linz	linz-lds-bde-schema
linz	ansible-demo
linz	nzgd2000-deformation-model
linz	python-linz-geodeticgrid
linz	django-demo
linz	positionz_coordinate_models
