orgname	name
met-office-lab	our-boxen
met-office-lab	Lab-Info
met-office-lab	blog
met-office-lab	uk-weather-3d
met-office-lab	volume-rendering
met-office-lab	beta-data-services
met-office-lab	NetCDF-to-CSV
met-office-lab	video-service
met-office-lab	gpu-processing-service
met-office-lab	labby-the-rat
met-office-lab	test-repo
met-office-lab	informatics-badge-directive
met-office-lab	nodebb-theme-informatics
met-office-lab	molab-3dwx-ds
met-office-lab	ogc-web-services
met-office-lab	restful-weather
met-office-lab	ipad-fly
met-office-lab	3d-weather-sync
met-office-lab	data-stream
met-office-lab	molab-sandpit
met-office-lab	vispy_rendering
met-office-lab	ng-3d-vis
met-office-lab	image-service-scheduler
met-office-lab	docker-thredds
met-office-lab	video-service-scheduler
met-office-lab	cloud-processing-config
met-office-lab	molab-thredds
met-office-lab	d3experiments
met-office-lab	d3-skillgraph
met-office-lab	data-stream-housekeeping
met-office-lab	file_upload
met-office-lab	bespoke-data-video
met-office-lab	image-service-public
met-office-lab	moAlexaSkill
met-office-lab	url-shortener
met-office-lab	code-golf
met-office-lab	santa-kaggle
met-office-lab	local-decision-engine
met-office-lab	dre-skill
met-office-lab	gitrob-docker
met-office-lab	maze
met-office-lab	graphical-web-website
met-office-lab	docker-hadoop-spark
met-office-lab	dre
met-office-lab	conversation-skill
met-office-lab	dre-dev
met-office-lab	led-mapper
met-office-lab	molab-mysky-api
met-office-lab	mysky
met-office-lab	docker-cube-explorer
met-office-lab	molab-mysky-image-scraper
met-office-lab	Facebook-Messenger-bot
met-office-lab	traffic-cam-python
met-office-lab	mr-pynetcdf
met-office-lab	molab-unity-sandpit
met-office-lab	cube_explorer
met-office-lab	molab-rhino-api
met-office-lab	cube_explorer_demo
met-office-lab	hadcrut_holoview
met-office-lab	molab-file-to-s3
