orgname	name
MetropolitanTransportationCommission	travel-housing-map
MetropolitanTransportationCommission	travel-model-one
MetropolitanTransportationCommission	anonymous-clipper
MetropolitanTransportationCommission	onboard-surveys
MetropolitanTransportationCommission	travel-model-two
MetropolitanTransportationCommission	aggregate-fastrak
MetropolitanTransportationCommission	popsyn3
MetropolitanTransportationCommission	pems-typical-weekday
MetropolitanTransportationCommission	bart-typical-weekday
MetropolitanTransportationCommission	bridge-transactions
MetropolitanTransportationCommission	travel-model-two-networks
MetropolitanTransportationCommission	fast-trips
MetropolitanTransportationCommission	fast-trips-estimation
MetropolitanTransportationCommission	zoning
MetropolitanTransportationCommission	fast-trips-project
MetropolitanTransportationCommission	rtci
MetropolitanTransportationCommission	Dataportal
MetropolitanTransportationCommission	urban_analytics
MetropolitanTransportationCommission	vpp-webapp
MetropolitanTransportationCommission	ClimateActionPortal
MetropolitanTransportationCommission	caltrans-typical-weekday-counts
MetropolitanTransportationCommission	ptap-webapp
MetropolitanTransportationCommission	nodetemplate-webapp
MetropolitanTransportationCommission	vital-signs-data
MetropolitanTransportationCommission	rtp-fullstack
MetropolitanTransportationCommission	vitalsigns-vs2
MetropolitanTransportationCommission	tip-fullstack
MetropolitanTransportationCommission	bike_flow
MetropolitanTransportationCommission	travel-modeling-as-science
MetropolitanTransportationCommission	baus_docs
MetropolitanTransportationCommission	taz_finder
MetropolitanTransportationCommission	performance
MetropolitanTransportationCommission	CAPVMT
MetropolitanTransportationCommission	MTCAPI
MetropolitanTransportationCommission	rtci-html
MetropolitanTransportationCommission	ptap17
MetropolitanTransportationCommission	housing
MetropolitanTransportationCommission	swyftly-data
MetropolitanTransportationCommission	travel-model-two-frompb
MetropolitanTransportationCommission	PUMS-Data
MetropolitanTransportationCommission	MetropolitanTransportationCommission.github.io
MetropolitanTransportationCommission	gis-main
