orgname	name
ministryofjustice	moj-digital-strategy
ministryofjustice	courtfinder
ministryofjustice	worddoc_convert
ministryofjustice	tribunals
ministryofjustice	bba
ministryofjustice	smart-forms
ministryofjustice	opg_dashboard
ministryofjustice	opg-loadtest
ministryofjustice	moj_frontend_toolkit
ministryofjustice	moj_frontend_toolkit_gem
ministryofjustice	civil-claims
ministryofjustice	dist-wifi-mon
ministryofjustice	opg-deputies
ministryofjustice	opg-lpa-ruby-test
ministryofjustice	opg-lpa-api-ruby-test
ministryofjustice	civil-claims-frontend-claimant
ministryofjustice	x-moj-auth
ministryofjustice	devise_authentication_api
ministryofjustice	cla-can-you-get-legal-aid
ministryofjustice	callmeback
ministryofjustice	moj_boilerplate
ministryofjustice	civil-claims-spec
ministryofjustice	hillsborough
ministryofjustice	ursulas_blog
ministryofjustice	author
ministryofjustice	moj_prototyper
ministryofjustice	civil-claims-frontend-defendant
ministryofjustice	civil-claims-assets
ministryofjustice	wp-ppo
ministryofjustice	moj-assets
ministryofjustice	accelerated_claims
ministryofjustice	cla_frontend
ministryofjustice	cla_backend
ministryofjustice	moj_template
ministryofjustice	cotton
ministryofjustice	mongodb-formula
ministryofjustice	gearman-formula
ministryofjustice	salt-cloud-provider-vcloud
ministryofjustice	elasticsearch-formula
ministryofjustice	firewall-formula
ministryofjustice	java-formula
ministryofjustice	postgresql-formula
ministryofjustice	bootstrap-formula
ministryofjustice	repos-formula
ministryofjustice	ops-tools
ministryofjustice	hosts-formula
ministryofjustice	opg-core-public-domain-model
ministryofjustice	nginx-formula
ministryofjustice	php-fpm-formula
ministryofjustice	ntp-formula
ministryofjustice	python-formula
ministryofjustice	supervisor-formula
ministryofjustice	memcache-formula
ministryofjustice	pdf.transformer
ministryofjustice	cla_public
ministryofjustice	monitoring-formula
ministryofjustice	logstash-formula
ministryofjustice	utils-formula
ministryofjustice	redis-formula
ministryofjustice	sensu-formula
ministryofjustice	rabbitmq-formula
ministryofjustice	moj_slotpicker
ministryofjustice	pvb_bot
ministryofjustice	cla_common
ministryofjustice	graphite-formula
ministryofjustice	tsung-wrapper
ministryofjustice	striker
ministryofjustice	opg-lpa-pdf-server
ministryofjustice	opg-lpa-api-server
ministryofjustice	service-mapper
ministryofjustice	acronym_finder
ministryofjustice	strike2
ministryofjustice	sslloadbalancer-formula
ministryofjustice	postfix-formula
ministryofjustice	parliamentary-questions
ministryofjustice	metrics-formula
ministryofjustice	admins-formula
ministryofjustice	ruby-formula
ministryofjustice	moj_ds_team
ministryofjustice	manchester_traffic_offences_pleas
ministryofjustice	colourblind-contrast-check
ministryofjustice	digital-case-file
ministryofjustice	cla_design
ministryofjustice	countdowner
ministryofjustice	cla-prototype
ministryofjustice	jenkins-formula
ministryofjustice	atet
ministryofjustice	date-utils
ministryofjustice	prison-visits
ministryofjustice	docker-formula
ministryofjustice	peoplefinder
ministryofjustice	open-data-platform
ministryofjustice	apparmor-formula
ministryofjustice	sentry-formula
ministryofjustice	manchester_dashboard
ministryofjustice	deployment-formula
ministryofjustice	moj_internal_template
ministryofjustice	haproxy-formula
ministryofjustice	docker-templates
ministryofjustice	scs_appraisals
ministryofjustice	opg-hackathon
ministryofjustice	funnel_conversion
ministryofjustice	cc_appsignal_geckoboard
ministryofjustice	content-inspection-proxy
ministryofjustice	opg-core-health-check
ministryofjustice	courtfinder-search
ministryofjustice	salt-shaker
ministryofjustice	addressfinder
ministryofjustice	stub-fee-group-reference-service
ministryofjustice	opg-core-load-test
ministryofjustice	monitoring-deploy
ministryofjustice	opg-core-ddc-essentials
ministryofjustice	courtfinder-search-test
ministryofjustice	etckeeper-formula
ministryofjustice	digital-workplace
ministryofjustice	courtfinder-client
ministryofjustice	backupninja-formula
ministryofjustice	tribunals_base
ministryofjustice	moj_peoplefinder
ministryofjustice	opg-lpa-maintenance
ministryofjustice	dw-api
ministryofjustice	crime-curious
ministryofjustice	tika
ministryofjustice	salt-formula
ministryofjustice	moj-response-checker
ministryofjustice	opg-lpa-client
ministryofjustice	opg-lpa-datamodels
ministryofjustice	opg-lpa-pdf
ministryofjustice	opg-lpa-common
ministryofjustice	opg-lpa-front
ministryofjustice	tribunals_vagrant
ministryofjustice	cookiecutter-salt-formula
ministryofjustice	moj_elements
ministryofjustice	remote_frontend_code_test
ministryofjustice	awsbuilder
ministryofjustice	autodata-formula
ministryofjustice	tribunals_api
ministryofjustice	docker-moj-base
ministryofjustice	docker-moj-ruby
ministryofjustice	tribunals_frontend
ministryofjustice	service-screens
ministryofjustice	service_assessments
ministryofjustice	manchester_traffic_offences_tests
ministryofjustice	mojintranet-theme
ministryofjustice	dw-mvc
ministryofjustice	dw-sticky-news
ministryofjustice	dw-feature-news
ministryofjustice	courtfinder-search-api-test
ministryofjustice	common-utils
ministryofjustice	wp-lawcom
ministryofjustice	vcloud-disk_launcher
ministryofjustice	courtfinder-govuk-publisher-test
ministryofjustice	rave-server
ministryofjustice	govuk_elements_rails_guide
ministryofjustice	dw-markdown-preview
ministryofjustice	court-fees-no-backlog-day
ministryofjustice	dw-markdown
ministryofjustice	wp-victcomm
ministryofjustice	manchester_traffic_offences_design
ministryofjustice	tribunals_frontend_test
ministryofjustice	tribunals_api_test
ministryofjustice	fr-backoffice
ministryofjustice	opg-lpa-api-client
ministryofjustice	opg-digi-deps-api
ministryofjustice	cla-public-dashboard
ministryofjustice	static-service-page
ministryofjustice	money-to-prisoners
ministryofjustice	scs_performance
ministryofjustice	wp-imb
ministryofjustice	bootstrap-cfn
ministryofjustice	mtp-dashboard
ministryofjustice	opg-docker
ministryofjustice	opg-digi-deps-client
ministryofjustice	opg-digi-deps-prototype
ministryofjustice	defence-request-service
ministryofjustice	moj-timeoutprompt
ministryofjustice	wp-ccrc
ministryofjustice	people-finder-scraper
ministryofjustice	manchester_traffic_offences_static
ministryofjustice	mtp-startpage-prototype
ministryofjustice	defence-request-service-search-api
ministryofjustice	vis-prototype
ministryofjustice	accelerated_claims_load_test
ministryofjustice	mojular
ministryofjustice	govuk-template
ministryofjustice	bower-playground
ministryofjustice	moj_tribunals_config
ministryofjustice	mtp-backend
ministryofjustice	tribunals_status
ministryofjustice	fr-staffapp
ministryofjustice	fr-prototypes
ministryofjustice	mtp-staff-prototype
ministryofjustice	fees
ministryofjustice	vis
ministryofjustice	dcf
ministryofjustice	dcf-backend
ministryofjustice	encrypted-sessions-zf2
ministryofjustice	wp-vanilla
ministryofjustice	wp-npm
ministryofjustice	zendesk_sanitizer
ministryofjustice	mojboard
ministryofjustice	laa-legal-adviser-api
ministryofjustice	wp-pds
ministryofjustice	2nd-line-support
ministryofjustice	intranet-deploy
ministryofjustice	semvertag
ministryofjustice	ds-auth
ministryofjustice	wp-weekly
ministryofjustice	mtp-card-prototype
ministryofjustice	wp-natalieceeney
ministryofjustice	advocate-defence-payments
ministryofjustice	defence-request-service-rota
ministryofjustice	dw-notify
ministryofjustice	opg-lpa-logger
ministryofjustice	test
ministryofjustice	erlang-formula
ministryofjustice	ds-auth-omniauth
ministryofjustice	dw-guidance-index
ministryofjustice	bootstrap-salt
ministryofjustice	wp-opgsenior
ministryofjustice	dw-nested-menu
ministryofjustice	float-dashboard
ministryofjustice	postcodeinfo
ministryofjustice	jury-summons-web
ministryofjustice	jury-summons-prototype
ministryofjustice	docker-sentry
ministryofjustice	ping.json
ministryofjustice	jury-summons
ministryofjustice	rattic-docker
ministryofjustice	wp-intranet-lawcom
ministryofjustice	dw-crawl-import
ministryofjustice	dw-searchdb-update
ministryofjustice	wp-intranet-doc-import
ministryofjustice	mtp-backend2
ministryofjustice	defence-request-service-smoke-tests
ministryofjustice	opg-docker-monitoring
ministryofjustice	wp-intranet-joi
ministryofjustice	test-branching
ministryofjustice	dw-news
ministryofjustice	intranet_build
ministryofjustice	incident-response-schemas
ministryofjustice	postcodeinfo-client-ruby
ministryofjustice	postcodeinfo-client-python
ministryofjustice	atet-smoketests
ministryofjustice	opg-cotton
ministryofjustice	jury-summons-deploy
ministryofjustice	defence-request-service-nginx
ministryofjustice	awsjump
ministryofjustice	aws-lambda-pagerduty
ministryofjustice	mojintranet-root
ministryofjustice	stunnel-docker
ministryofjustice	money-to-prisoners-api
ministryofjustice	money-to-prisoners-cashbook
ministryofjustice	wp-intranet-ospt
ministryofjustice	bank-transfer-forms
ministryofjustice	govuk_publising_for_tribunals
ministryofjustice	cla_public_acceptance_tests
ministryofjustice	cla_acceptance_tests
ministryofjustice	postcodeinfo-client-php
ministryofjustice	case_file_editor
ministryofjustice	opg-docker-monitoring-formula
ministryofjustice	docker-rabbitmq
ministryofjustice	node-bruteforce
ministryofjustice	dockerails
ministryofjustice	adp_api_client
ministryofjustice	opg-core-pentaho
ministryofjustice	opg-docker-formula
ministryofjustice	vms
ministryofjustice	laa-ccms-proto
ministryofjustice	opg-bootstrap
ministryofjustice	bai2
ministryofjustice	django-moj-auth
ministryofjustice	money-to-prisoners-bank-admin
ministryofjustice	string_scrubber
ministryofjustice	opg-admins-formula
ministryofjustice	collectd-ntp
ministryofjustice	template-deploy-cookiecutter
ministryofjustice	opg-cron-formula
ministryofjustice	opg-salt-formula
ministryofjustice	featureflags
ministryofjustice	moj-docker-deploy-formula
ministryofjustice	grafana-custom-scripted-dashboard
ministryofjustice	gov_uk_date_fields
ministryofjustice	wp-intranet-jac
ministryofjustice	money-to-prisoners-noms-ops
ministryofjustice	aws-formula
ministryofjustice	hmcts-formfinder-scraper
ministryofjustice	po
ministryofjustice	mps-prototype
ministryofjustice	nessus-automation
ministryofjustice	money-to-prisoners-common
ministryofjustice	fala
ministryofjustice	django-utils
ministryofjustice	bankline-direct-parser
ministryofjustice	money-to-prisoners-transaction-uploader
ministryofjustice	php-fpm-stats-collector
ministryofjustice	money-to-prisoners-gulp-tasks
ministryofjustice	opg-digi-deps-notebooks
ministryofjustice	prison-visits-2
ministryofjustice	wp-layobservers
ministryofjustice	dw-live-drafts
ministryofjustice	adp-prototype
ministryofjustice	tribunal-publisher
ministryofjustice	postfix-stats-collector
ministryofjustice	wp-ncesblog
ministryofjustice	adp-stat-pusher
ministryofjustice	wp-jcio
ministryofjustice	live-drafts
ministryofjustice	docker-graphite-stresser
ministryofjustice	graphite-backup-docker
ministryofjustice	diamond-formula
ministryofjustice	django-zendesk-tickets
ministryofjustice	docker-cloudwatch-logger
ministryofjustice	docker-s3sync
ministryofjustice	opg-digi-deps-data-dashboard
ministryofjustice	dw-snippets
ministryofjustice	adp-stats-pusher-docker
ministryofjustice	django-moj-irat
ministryofjustice	rails-optional_query_cache
ministryofjustice	moving-people-safely-beta
ministryofjustice	money-to-prisoners-send-money
ministryofjustice	jenkins-scripts-library
ministryofjustice	prison-visits-public
ministryofjustice	12-factor-wordpress-demo
ministryofjustice	moj-reusables
ministryofjustice	hwf-publicapp
ministryofjustice	wordpress-base-docker
ministryofjustice	django-form-error-reporting
ministryofjustice	wp-rewrite-media-to-s3
ministryofjustice	pp-security-composer
ministryofjustice	wp-registry-client
ministryofjustice	wp-registry
ministryofjustice	wp-taxcentreofexcellence
ministryofjustice	money-to-prisoners-utils
ministryofjustice	docker-tsung
ministryofjustice	govuk_elements_form_builder
ministryofjustice	pp-composer
ministryofjustice	cron-formula
ministryofjustice	zendesk_sinatra
ministryofjustice	case-tracker-for-civil-appeals-prototype
ministryofjustice	test-gulp-govuk
ministryofjustice	prison-visits-integration-tests
ministryofjustice	zen_aggregator
ministryofjustice	laa_dashboard
ministryofjustice	moj-product-dashboard
ministryofjustice	opg-phantomjs
ministryofjustice	dw-document-revisions
ministryofjustice	deployer-api
ministryofjustice	hmcts-form-finder-back-office
ministryofjustice	wp-hmcts-blog
ministryofjustice	prisoners-api
ministryofjustice	moj_rec_exercise
ministryofjustice	moving-people-safely
ministryofjustice	correspondence_platform
ministryofjustice	service-screens-noms
ministryofjustice	opg-ansible-roles
ministryofjustice	tax-tribunals-fees
ministryofjustice	correspondence_tool_public
