orgname	name
nasa	DAVEtools
nasa	World-Wind-Java
nasa	NASA-Space-Weather-Media-Viewer
nasa	CertWare
nasa	mct
nasa	osal
nasa	cfe
nasa	digital-strategy
nasa	VADER
nasa	echo
nasa	NASA-APIs
nasa	code.nasa.gov
nasa	data.nasa.gov
nasa	39A
nasa	T-MATS
nasa	autodoc
nasa	cash
nasa	WellClear
nasa	Kodiak
nasa	eefs
nasa	OpenSPIFe
nasa	TTECTrA
nasa	NASA-3D-Resources
nasa	Open-Source-Catalog
nasa	europa
nasa	XPlaneConnect
nasa	pvslib
nasa	libSPRITE
nasa	CrisisMappingToolkit
nasa	mplStyle
nasa	api-docs
nasa	PyAMPR
nasa	PyTDA
nasa	trick
nasa	MMM-Py
nasa	EADINLite
nasa	openmct
nasa	NASTRAN-93
nasa	DualPol
nasa	PyBlock
nasa	SingleDop
nasa	earthdata-search
nasa	edsc-echoforms
nasa	dictionaries
nasa	astrobot
nasa	edsc-timeline
nasa	edsc-geo
nasa	edsc-widgets
nasa	ipv6_python
nasa	VICAR
nasa	centerops.jsc.nasa.gov
nasa	RHEAS
nasa	DERT
nasa	GTM_DesignSim
nasa	NASTRAN-95
nasa	RtRetrievalFramework
nasa	WinSURE
nasa	WinASSIST
nasa	RtRetrievalFrameworkDoc
nasa	nasa-latex-docs
nasa	landslide
nasa	data-science-day
nasa	isle
nasa	QuIP
nasa	channel-emulator
nasa	CCSDS-MAL-API
nasa	IDF
nasa	CompDam_DGD
