orgname	name
nasa-tournament-lab	coeci-cms-mpsp
nasa-tournament-lab	NTL-ISS-Food-Intake-Tracker
nasa-tournament-lab	CoECI-USAID-Atrocity-Prevention-Model
nasa-tournament-lab	NTL-Electrocardiogram
nasa-tournament-lab	CoECI-CMS-Healthcare-Fraud-Prevention
nasa-tournament-lab	NTL-Collective-Minds-and-Machines-Exploration
nasa-tournament-lab	NTL-Crater-Detection-Challenge
nasa-tournament-lab	NTL-ISS-Robonaut-2-Vision-Algorithm-Challenge
nasa-tournament-lab	CoECI-OPM-Service-Credit-Redeposit-Deposit-Application
nasa-tournament-lab	NTL-Solution-Mechanism-Guide
nasa-tournament-lab	NTL-Planetary-Data-System-API
nasa-tournament-lab	NTL-Lunar-Mapping-and-Modeling-Portal
nasa-tournament-lab	NTL-Asteroid-Tracker
nasa-tournament-lab	CoECI-CMS-Provider-Enrollment
nasa-tournament-lab	NTL-Earth-Science-CRDC
nasa-tournament-lab	NTL-Pipeline-Detection-Challenge
nasa-tournament-lab	Search-User-Interface
nasa-tournament-lab	PDS-Cassini
nasa-tournament-lab	PDS-Storyboard
nasa-tournament-lab	Astronaut-Smartwatch-Demo-App
