orgname	name
nationalarchives	taxonomy
nationalarchives	traces-through-time
nationalarchives	record-copying-prototype
nationalarchives	OWD
nationalarchives	wireframe-skeleton
nationalarchives	record-copying-backoffice
nationalarchives	discovery-api
nationalarchives	test-script-generator
nationalarchives	tna-dev-filter-templates
nationalarchives	your-orders-prototype
nationalarchives	traces-through-time-prototype
nationalarchives	ten-thousand-search-results
nationalarchives	tna-dev-pod-wireframe
nationalarchives	pod-database-schema
nationalarchives	tna-web-documentation
nationalarchives	development-guide-and-peer-reviews
nationalarchives	tna-megamenu-footer-masters
nationalarchives	tna-dev-explore-your-archive
nationalarchives	expert-contributions-prototype
nationalarchives	expert-contributions-backoffice
nationalarchives	tna-dev-html-minutes-cleaner
nationalarchives	tna-explore-your-archive
nationalarchives	visit-us-prototype
nationalarchives	alpha-starter
nationalarchives	responsive-timeline
nationalarchives	tna-dev-exit-survey
nationalarchives	tna-eventbrite-api
nationalarchives	tna-dev-centenary-map
nationalarchives	tna-research-guide-glossary
nationalarchives	tna-shakespeare
nationalarchives	tna-moodle-custom-theme
nationalarchives	tna-child-commercial-opportunities
nationalarchives	tna-child-about-us-research
nationalarchives	tna-rss-feeds
nationalarchives	tna-base
nationalarchives	tna-child-about-us-jobs
nationalarchives	tna-child-pressroom
nationalarchives	ttt-neo4j-import-tool
nationalarchives	tna-long-form-template
nationalarchives	tna-child-first-world-war
nationalarchives	tna-child-about-us-commercial
nationalarchives	tna-child-about-us-foi
nationalarchives	tna-child-get-involved
nationalarchives	ttt-neo4j-service
nationalarchives	tna-base-child-template
nationalarchives	tna-dev-jade-demo
nationalarchives	TNA-Public-Perl
nationalarchives	tna-child-archives-sector
nationalarchives	tna-mega-menu-test
nationalarchives	tna-mega-menu-xml-generator-theme
nationalarchives	tna-child-home
nationalarchives	manage-your-collections
nationalarchives	tna-child-archives-inspire
nationalarchives	tna-child-black-history
