orgname	name
nationalparkservice	npmap-javascript-library
nationalparkservice	npmap-builder
nationalparkservice	data
nationalparkservice	npmap.js
nationalparkservice	node-tasks
nationalparkservice	places-api
nationalparkservice	symbol-library
nationalparkservice	park-tiles
nationalparkservice	responsive-redesign
nationalparkservice	npmap-species
nationalparkservice	asprs-workshop
nationalparkservice	cron-tasks
nationalparkservice	places-website
nationalparkservice	hfc-projects
nationalparkservice	places-data
nationalparkservice	npmap-server-utils
nationalparkservice	geobuf-proxy
nationalparkservice	park-mobile-api
nationalparkservice	node-slack-web-api
nationalparkservice	im-data-management-training-2015
nationalparkservice	places-tracing-guide
nationalparkservice	arc2places
nationalparkservice	places-live-kiosk
nationalparkservice	places-live-wall-monitor
nationalparkservice	mojn-ipg-photo-citations
nationalparkservice	nps-gtfs
nationalparkservice	places-submit
nationalparkservice	mojn-mapbox-projects
nationalparkservice	mnrra-data-and-projects
nationalparkservice	places-input
nationalparkservice	nccn-mapbox-projects
nationalparkservice	dsc-plg
nationalparkservice	npmap-hubot
nationalparkservice	nccn-api
nationalparkservice	roostlogger-utils
nationalparkservice	facilitated-analysis-learning-process
nationalparkservice	projects
nationalparkservice	places-sync
nationalparkservice	nccn-visualizer
nationalparkservice	iyore
nationalparkservice	nps-qgis-map-templates
nationalparkservice	transportation-deploy
nationalparkservice	ffaudIO
nationalparkservice	places-sync-tasks
nationalparkservice	places-sync-databases
nationalparkservice	places-sync-sources
nationalparkservice	places-sync-translator
