orgname	name
ngageoint	geoq
ngageoint	geoq-chef-installer
ngageoint	geoevents
ngageoint	geoevents-chef-installer
ngageoint	rfi-generator
ngageoint	rfi-generator-chef-installer
ngageoint	geowave
ngageoint	anti-piracy-iOS-app
ngageoint	anti-piracy-android-app
ngageoint	disconnected-content-explorer-iOS
ngageoint	disconnected-content-explorer-android
ngageoint	gamification-server
ngageoint	mrgeo
ngageoint	disconnected-content-explorer-examples
ngageoint	geowave-osm
ngageoint	geoint-standards
ngageoint	elasticgeo
ngageoint	geowave-vagrant
ngageoint	geowave-benchmark
ngageoint	map-of-world-api
ngageoint	hootenanny
ngageoint	hootenanny-ui
ngageoint	voxel-globe
ngageoint	six-library
ngageoint	geopackage-wkb-java
ngageoint	geopackage-core-java
ngageoint	geopackage-java
ngageoint	geopackage-android
ngageoint	geopackage-mapcache-android
ngageoint	geoint-standards.io
ngageoint	hootenanny-rpms
ngageoint	mage-server
ngageoint	mage-android
ngageoint	mage-android-sdk
ngageoint	mage-ios
ngageoint	mage-ios-sdk
ngageoint	mage-android-wear
ngageoint	mage-chronostouch-android
ngageoint	GeoPackage
ngageoint	MAGE
ngageoint	mage-android-wear-bridge
ngageoint	geopackage-wkb-ios
ngageoint	geopackage-ios
ngageoint	geopackage-mapcache-ios
ngageoint	geopackage-nsg-profile
ngageoint	wordpress-revision-slider
ngageoint	Nounalyzer
ngageoint	social-media-picture-explorer-ui
ngageoint	mrgeo-geoserver-plugin
ngageoint	Rational-Polynomial-Coefficients-Mapper
ngageoint	Spectral-Library-Reader
ngageoint	social-media-picture-explorer
ngageoint	scale
ngageoint	TM_UTDS_SVG
ngageoint	geopackage-js
ngageoint	DigitalGlobeReader
ngageoint	SWIRSignalDetection
ngageoint	endpoint.js
ngageoint	mapcache-server
ngageoint	cocreate
ngageoint	ndaas
ngageoint	wedge-maker-4-gis
ngageoint	fog-machine
ngageoint	seed
