orgname	name
ONSdigital	ons-poc-data
ONSdigital	ons_data_models
ONSdigital	ons-templates
ONSdigital	ons-data-api
ONSdigital	prototype-frontend
ONSdigital	ONS-Charting
ONSdigital	ProfileGenerator
ONSdigital	Alpha
ONSdigital	onsdigital.github.io
ONSdigital	web-apps
ONSdigital	ons-api_jsonstatviewer
ONSdigital	ons-api_googlecharts
ONSdigital	ons-api_maps
ONSdigital	opendatasets
ONSdigital	ons-api_areatree
ONSdigital	rjstat
ONSdigital	tredegar
ONSdigital	pattern-library
ONSdigital	florence
ONSdigital	zebedee
ONSdigital	project-brian
ONSdigital	MrRusty
ONSdigital	babbage
ONSdigital	jenkins-docker
ONSdigital	content-library
ONSdigital	highcharts-export-docker
ONSdigital	java-component
ONSdigital	java-node-component
ONSdigital	ONS-Local
ONSdigital	java-phantom-component
ONSdigital	java-node-phantom-component
ONSdigital	chef-cookbooks
ONSdigital	ons-postgresql
ONSdigital	The-Train
ONSdigital	alpha-eq-terraform
ONSdigital	EQ-UI-Protos
ONSdigital	alpha-eq-author
ONSdigital	alpha-eq-survey-runner
ONSdigital	eq-spikes
ONSdigital	mathjax-api
ONSdigital	babbage-automation
ONSdigital	eq-performance-test
ONSdigital	National-Accounts-Research
ONSdigital	ons-survey-registry
ONSdigital	ons-question-library
ONSdigital	eq-author-patterns
ONSdigital	ermintrude
ONSdigital	eq-style-guide
ONSdigital	eq-schema
ONSdigital	ZebedeeScript
ONSdigital	ons-boxen
ONSdigital	eq-survey-runner
ONSdigital	eq-messaging
ONSdigital	eq-author
ONSdigital	eq-sass
ONSdigital	eq-deploy
ONSdigital	eq-terraform
ONSdigital	eq-submitter
ONSdigital	java-node-phantom-ghostscript-component
ONSdigital	elasticsearch-multicast-docker
ONSdigital	csdb-import
ONSdigital	eq-smoke-test
ONSdigital	Dylan
ONSdigital	ons-schema-definitions
ONSdigital	sdx-decrypt
ONSdigital	sdx-collect
ONSdigital	pootle
ONSdigital	flumpet
ONSdigital	dockers
ONSdigital	sdx-bdd
ONSdigital	splunk-forwarder
ONSdigital	sdx-console
ONSdigital	eq-prototypes
ONSdigital	sdx-recover
ONSdigital	dp-logging
ONSdigital	web-archive
ONSdigital	sdx-validate
ONSdigital	sdx-transform-cs
ONSdigital	sdx-store
ONSdigital	sdx-downstream
ONSdigital	sdx-sequence
ONSdigital	ons-devops
ONSdigital	sdx-transform-testform
ONSdigital	sdx-compose
ONSdigital	sdx-mock-receipt
ONSdigital	dp-web-status
ONSdigital	OGD-Address
