orgname	name
openprocurement	openprocurement.github.io
openprocurement	openprocurement.api
openprocurement	openprocurement.buildout
openprocurement	openprocurement.auction
openprocurement	openprocurement.auction.buildout
openprocurement	openprocurement.chronograph
openprocurement	openprocurement.auth
openprocurement	standards
openprocurement	frontend
openprocurement	robot_tests
openprocurement	openprocurement.client.python
openprocurement	openprocurement.robottests.buildout
openprocurement	bi
openprocurement	public-portal
openprocurement	openprocurement.concord
openprocurement	server_cookie_middleware
openprocurement	barbecue
openprocurement	openprocurement.tender.openua
openprocurement	openprocurement.auctions.flash
openprocurement	openprocurement.planning.api
openprocurement	angular-gtm-logger
openprocurement	openprocurement.search
openprocurement	openprocurement.search.buildout
openprocurement	openprocurement.tender.limited
openprocurement	openprocurement.tender.openeu
openprocurement	robot_tests.broker.etender
openprocurement	robot_tests.broker.dzo
openprocurement	robot_tests.broker.newtend
openprocurement	robot_tests.broker.privatmarket
openprocurement	robot_tests.broker.prom
openprocurement	robot_tests.broker.publicbid
openprocurement	robot_tests.broker.smarttender
openprocurement	robot_tests.broker.uatenders
openprocurement	robot_tests.broker.publicportal
openprocurement	openprocurement.tender.openuadefense
openprocurement	robot_tests.broker.zakpro
openprocurement	robot_tests.broker.ubiz
openprocurement	openprocurement.contracting.api
openprocurement	penstock
openprocurement	examples
openprocurement	robot_tests.broker.proztorg
openprocurement	reports
openprocurement	robot_tests.broker.aps
openprocurement	robot_tests.broker.uub
openprocurement	openprocurement.tender.competitivedialogue
openprocurement	openprocurement.documentservice
openprocurement	openprocurement.storage.s3
openprocurement	robot_tests.broker.ztv
openprocurement	openprocurement.relocation.api
openprocurement	robot_tests.broker.epu
openprocurement	openprocurement.documentservice.buildout
openprocurement	robot_tests.broker.acceptonline
