orgname	name
open-eid	chrome-token-signing
open-eid	digidoc4j
open-eid	ndigidoc
open-eid	hwcrypto.js
open-eid	org
open-eid	open-eid.github.io
open-eid	cmake
open-eid	qesteidutil
open-eid	smartcardpp
open-eid	qt-common
open-eid	googlemock
open-eid	googletest
open-eid	updater
open-eid	firefox-pkcs11-loader
open-eid	browser-token-signing
open-eid	libdigidoc
open-eid	certs
open-eid	libdigidocpp
open-eid	qdigidoc
open-eid	esteid-pkcs11
open-eid	esteid-tokend
open-eid	jdigidoc
open-eid	osx-installer
open-eid	minidriver
open-eid	google-breakpad
open-eid	windows-installer
open-eid	mobile
open-eid	dss-hwcrypto-demo
open-eid	linux-installer
open-eid	pdf-validator
open-eid	mopp
open-eid	gentoo
open-eid	SiVa
