orgname	name
open-data	ckanext-canada
open-data	ckanext-wet-boew
open-data	ckanext-canada-ckan-1.8
open-data	ckan-datatools
open-data	ckanext-drupal
open-data	opendata_package
open-data	open-data.github.io
open-data	ckanext-recombinant
open-data	ati-summaries
open-data	open-data
open-data	ckanext-virtual-library
open-data	ckan-virtual-library-import
open-data	ckanext-repeating
open-data	ckanext-fgp
open-data	hnap
open-data	registry23
open-data	portal23
open-data	tweakextras
open-data	ckanext-stcndm
open-data	harvester-FGP
open-data	report-generator
open-data	ckanext-autodoc
open-data	ndm-autocomplete
open-data	report-PD-QA
open-data	ckanext-history
open-data	docker-ndm
open-data	dataset-generator-sqlbased
open-data	dataset-generator-webscraper
open-data	ckanext-extendedactivity
open-data	ckanext-cloudstorage
