orgname	name
ozone-development	ozp-controller-node
ozone-development	ozp-iwc
ozone-development	ozp-documentation
ozone-development	ozp-webtop
ozone-development	ozp-controller-jvm
ozone-development	owf7-refactor
ozone-development	depricated-ozp-center
ozone-development	ozone-development.github.io
ozone-development	ozp-iwc-owf7-widget-adapter
ozone-development	ozp-iwc-angular
ozone-development	meridian
ozone-development	ozp-demo
ozone-development	ozp-classification
ozone-development	node-halapi
ozone-development	ozp-data-schemas
ozone-development	ozp-center
ozone-development	ozp-hud
ozone-development	ozp-ansible-playbooks
ozone-development	global-toolbar
ozone-development	ozp-iwc-tester
ozone-development	ozp-rest-jmeter
ozone-development	piwik-plugin-ClientCertificates
ozone-development	ozp-iwc-integrationDemo
ozone-development	ozp-iwc-applicationDemo
ozone-development	piwik-theme-AppsMallTheme
ozone-development	piwik-plugin-LoginPKI
ozone-development	dev-tools
ozone-development	ozone-website
ozone-development	ozp-react-commons
ozone-development	ozp-icons
ozone-development	ozp-gatling
ozone-development	meridian-dependencies
ozone-development	ozp-community-request
ozone-development	ozp-help
ozone-development	piwik-plugin-UserCreatedWebsite
ozone-development	ozp-backend
ozone-development	ozp-locust
ozone-development	bootstrap-classify
ozone-development	ozp-ansible
ozone-development	piwik-export
ozone-development	mono-ozone-mobile-prototype
ozone-development	demo-auth-service
