orgname	name
parksandwildlife	oim-cms
parksandwildlife	prs
parksandwildlife	borgcollector
parksandwildlife	borgslave-sync
parksandwildlife	geoserver-patch
parksandwildlife	pg_scofflaw
parksandwildlife	biosys
parksandwildlife	observations
parksandwildlife	resource_tracking
parksandwildlife	static
parksandwildlife	dpaw-utils
parksandwildlife	ibms
parksandwildlife	pbs
parksandwildlife	ledger
parksandwildlife	sdis
parksandwildlife	mudmap
parksandwildlife	o365_mucilage
parksandwildlife	firesource
parksandwildlife	biodiversityaudit2
parksandwildlife	borgslave-formula
parksandwildlife	learning
parksandwildlife	nginx-proxy-formula
parksandwildlife	caddy
parksandwildlife	it-assets
parksandwildlife	parkstay
parksandwildlife	postgrest-esb
parksandwildlife	penguins
parksandwildlife	cheapskate
parksandwildlife	sdis4
parksandwildlife	zap
parksandwildlife	printing
parksandwildlife	webtemplate-dpaw
parksandwildlife	ausplotr
parksandwildlife	gokart
parksandwildlife	ningaloo-turtle-etl
parksandwildlife	sss-mobile
