orgname	name
peacecorps	medlink
peacecorps	realtrack-android
peacecorps	peace-corps-recipes
peacecorps	peace-corps-open-data
peacecorps	realtrack-ios
peacecorps	old_crowdmap
peacecorps	Opportunity-Portal
peacecorps	malaria-app-readme
peacecorps	malaria-app-ios
peacecorps	malaria-app-android
peacecorps	app-web-server
peacecorps	peacetrack-readme
peacecorps	peacetrack-ios
peacecorps	peacetrack-android
peacecorps	realtrack-indicators-api
peacecorps	crowdmap
peacecorps	Welcome-Devs-Introduce-Yourself
peacecorps	OSM-Dashboard
peacecorps	peace-corps-countries-api
peacecorps	Volunteer-Openings-API
peacecorps	volunteer-match-app
peacecorps	volunteerism-toolkit
peacecorps	digital-peace-corps
peacecorps	PCSA
peacecorps	mapping-toolkit
peacecorps	WWS-OSM-toolkit
peacecorps	BonVoyage
peacecorps	medlink-android
peacecorps	ict4d-site
peacecorps	PC-Prep-Kit
peacecorps	PCSA-web
