orgname	name
Pleio	theme_pleio
Pleio	pleio_template_selector
Pleio	subsite_manager
Pleio	elgg_modifications
Pleio	pleio_beconnummer
Pleio	pleio_official_validator
Pleio	ffd_modifications
Pleio	pleio_test
Pleio	vocontent_modifications
Pleio	tasks
Pleio	od_rivierenland_modifications
Pleio	questions
Pleio	localbox
Pleio	groups
Pleio	french_translation
Pleio	members
Pleio	apiadmin
Pleio	htmlawed
Pleio	odt_editor
Pleio	pleio_issues
Pleio	videolist
Pleio	tinymce
Pleio	elggx_fivestar
Pleio	beterwerken
Pleio	theme_bevolkingszorg
Pleio	theme_gelderlandanders
Pleio	theme_giessenlanden
Pleio	theme_heerhugowaard
Pleio	theme_jeugdzorg
Pleio	theme_leerdam
Pleio	theme_oirschot
Pleio	theme_rdm
Pleio	theme_stadsdeelcommunity
Pleio	theme_vab
Pleio	theme_zederik
Pleio	backup
Pleio	theme_eersel
Pleio	theme_ffd
Pleio	elasticsearch
Pleio	odt_collabeditor
Pleio	rewrite
Pleio	pleiobox
Pleio	pleiobox-clients
Pleio	pleio-api
Pleio	pleiofile
Pleio	pleio_rest
Pleio	static
Pleio	birthdays
Pleio	filesender-pleio-theme
Pleio	pages_tools
Pleio	theme_haarlem
Pleio	aalborg_theme
Pleio	migrator-experiment
Pleio	pleioapp
Pleio	elasticsearch_fileindex
Pleio	rijkshuisstijl
Pleio	simplesaml
Pleio	pleio_backend
Pleio	pleio2
Pleio	elgg_pleio
Pleio	recaptcha
Pleio	pinboard
Pleio	videos
Pleio	news
Pleio	piwik
