orgname	name
SIMP	pupmod-simp-acpid
SIMP	pupmod-simp-activemq
SIMP	pupmod-simp-aide
SIMP	pupmod-simp-apache
SIMP	pupmod-simp-auditd
SIMP	pupmod-simp-autofs
SIMP	pupmod-simp-backuppc
SIMP	pupmod-simp-cgroups
SIMP	pupmod-simp-clamav
SIMP	pupmod-simp-common
SIMP	pupmod-simp-concat
SIMP	pupmod-simp-dhcp
SIMP	pupmod-simp-elasticsearch-obsolete
SIMP	pupmod-simp-freeradius
SIMP	pupmod-simp-functions
SIMP	pupmod-simp-ganglia
SIMP	pupmod-simp-gfs2
SIMP	pupmod-simp-iptables
SIMP	pupmod-simp-jenkins
SIMP	pupmod-simp-kibana
SIMP	pupmod-simp-krb5
SIMP	pupmod-simp-libvirt
SIMP	pupmod-simp-logrotate
SIMP	pupmod-simp-logstash-obsolete
SIMP	pupmod-simp-mcafee
SIMP	pupmod-simp-mcollective
SIMP	pupmod-simp-mozilla
SIMP	pupmod-simp-multipathd
SIMP	pupmod-simp-named
SIMP	pupmod-simp-network
SIMP	pupmod-simp-nfs
SIMP	pupmod-simp-nscd
SIMP	pupmod-simp-ntpd
SIMP	pupmod-simp-oddjob
SIMP	pupmod-simp-openldap
SIMP	pupmod-simp-openscap
SIMP	pupmod-simp-pam
SIMP	pupmod-simp-pki
SIMP	pupmod-simp-polkit
SIMP	pupmod-simp-postfix
SIMP	pupmod-simp-pupmod
SIMP	pupmod-simp-rsync
SIMP	pupmod-simp-rsyslog
SIMP	pupmod-simp-selinux
SIMP	pupmod-simp-shinken
SIMP	pupmod-simp-simp
SIMP	pupmod-simp-snmpd
SIMP	pupmod-simp-ssh
SIMP	pupmod-simp-sssd
SIMP	pupmod-simp-stunnel
SIMP	pupmod-simp-sudo
SIMP	pupmod-simp-sudosh
SIMP	pupmod-simp-svckill
SIMP	pupmod-simp-sysctl
SIMP	pupmod-simp-tcpwrappers
SIMP	pupmod-simp-tftpboot
SIMP	pupmod-simp-tpm
SIMP	pupmod-simp-upstart
SIMP	pupmod-simp-vnc
SIMP	pupmod-simp-vsftpd
SIMP	pupmod-simp-windowmanager
SIMP	pupmod-simp-xinetd
SIMP	pupmod-simp-xwindows
SIMP	simp-core
SIMP	simp-doc
SIMP	simp-rsync
SIMP	rubygem-simp-rake-helpers
SIMP	rubygem-simp-cli
SIMP	pupmod-simp-site
SIMP	pupmod-simp-nifi
SIMP	pupmod-simp-etcd
SIMP	pupmod-simp-foreman
SIMP	rubygem-simp-beaker-helpers
SIMP	bintray_helpers
SIMP	pupmod-simp-simplib
SIMP	rubygem-simp-spec-helpers
SIMP	rubygem-simp-processgraph
SIMP	simp-ore-rubygem-skeleton
SIMP	rubygem-simp-build-helpers
SIMP	pupmod-simp-compliance_markup
SIMP	rubygem-simp-module-repoclosure
SIMP	pupmod-simp-libreswan
SIMP	pupmod-simp-simp_logstash
SIMP	pupmod-simp-simp_elasticsearch
SIMP	pupmod-simp-simp_grafana
