orgname	name
SJCGIS	PolarisJS
SJCGIS	aircraft-noise-reporting
SJCGIS	stormwater-planning-map-gallery
SJCGIS	Esri-CityEngine-tutorial
SJCGIS	jet-noise-reports-presentation
SJCGIS	tsunami-inundation
SJCGIS	aircraft-noise-map
SJCGIS	collision-heatmaps
SJCGIS	sjcgis.github.io
SJCGIS	email-templates
SJCGIS	arcgis-dynamic-segmentation-widget
SJCGIS	newsletters
SJCGIS	ago-web-maps
SJCGIS	traffic-collisions-app
SJCGIS	geopublisher
SJCGIS	lidar-swipe
SJCGIS	lv-uga-options
SJCGIS	water-systems
SJCGIS	sjc-leaflet
SJCGIS	smp-proposed-designations
SJCGIS	footprint-review
SJCGIS	imagery-dl
