orgname	name
UKHomeOffice	swappr
UKHomeOffice	cts-pentaho
UKHomeOffice	vcloud-start_stop
UKHomeOffice	puppet-runstatus
UKHomeOffice	adegnanCfTest-
UKHomeOffice	govuk-template-compiler
UKHomeOffice	express-partial-templates
UKHomeOffice	passports-form-controller
UKHomeOffice	passports-model
UKHomeOffice	passports-template-mixins
UKHomeOffice	payments-service
UKHomeOffice	removals_integration
UKHomeOffice	passports-frontend-toolkit
UKHomeOffice	vcloud_packer_images
UKHomeOffice	passports-form-wizard
UKHomeOffice	i18n-lookup
UKHomeOffice	cloud-costs
UKHomeOffice	heiraupdater
UKHomeOffice	HODHackMicroServices
UKHomeOffice	openid
UKHomeOffice	mrz
UKHomeOffice	immigration-status-check
UKHomeOffice	rtp-io-lib
UKHomeOffice	rtp-rabbit-lib
UKHomeOffice	rtp-akka-lib
UKHomeOffice	rtp-test-lib
UKHomeOffice	brp_app
UKHomeOffice	platform_email_service
UKHomeOffice	platform_queue_service
UKHomeOffice	vcloud_ipsec-vpn
UKHomeOffice	vcloudToolsGenerator
UKHomeOffice	lev-rpm-builder-ords
UKHomeOffice	lev-rpm-builder-openresty
UKHomeOffice	kb8or
UKHomeOffice	docker-oracle-database-express-edition-11g
UKHomeOffice	Office365-PowerShellScripts
UKHomeOffice	docker-aws-drupal
UKHomeOffice	docker-nginx-gateway
UKHomeOffice	docker-gradle
UKHomeOffice	s3secrets
UKHomeOffice	docker-fedora-baseservices
UKHomeOffice	check_byod
UKHomeOffice	aws_usersync
UKHomeOffice	brp-maintenance
UKHomeOffice	docker-centos-base
UKHomeOffice	docker-dropwizard
UKHomeOffice	ff
UKHomeOffice	docker-redis
UKHomeOffice	docker-mysql
UKHomeOffice	docker-openjdk8-gradle
UKHomeOffice	docker-nodejs
UKHomeOffice	docker-nginx-proxy
UKHomeOffice	dropwizard-sample-gradle
UKHomeOffice	jenkins-docker-aws
UKHomeOffice	docker-mongonodejava8
UKHomeOffice	registered-traveller-devops
UKHomeOffice	docker-logstash-s3
UKHomeOffice	docker-s3-backup
UKHomeOffice	docker-go-gb
UKHomeOffice	vaultconf
UKHomeOffice	docker-confluence
UKHomeOffice	docker-mysql-sonarqube
UKHomeOffice	docker-sonarqube
UKHomeOffice	docker-mysql-java
UKHomeOffice	docker-crond
UKHomeOffice	docker-selenium-standalone-server
UKHomeOffice	docker-mediawiki
UKHomeOffice	docker-php-fpm
UKHomeOffice	docker-s3registry
UKHomeOffice	docker-openjdk8
UKHomeOffice	docker-gitlab-tools
UKHomeOffice	dsp-frontend-boilerplate
UKHomeOffice	docker-openjdk8-jre
UKHomeOffice	rotm
UKHomeOffice	scala-futures-demo
UKHomeOffice	ReportTerroristMaterialPrototype
UKHomeOffice	docker-selenium-local-server
UKHomeOffice	UKHomeOffice.github.io
UKHomeOffice	docker-mysql-java-jdk
UKHomeOffice	docker-mysql-maintenance
UKHomeOffice	vault-sidekick
UKHomeOffice	docker-vault-sidekick
UKHomeOffice	docker-nginx-tls
UKHomeOffice	AlfrescoAuditAnalysis
UKHomeOffice	OSX-Provisioning
UKHomeOffice	docker-sonar-mysql-maintenance
UKHomeOffice	removals_dashboard
UKHomeOffice	docker-logstash-kubernetes
UKHomeOffice	docker-landscaper-server
UKHomeOffice	docker-elasticsearch
UKHomeOffice	rtp-proxy-lib
UKHomeOffice	removals_wallboard
UKHomeOffice	removals_schema
UKHomeOffice	ges-proxy-service
UKHomeOffice	docker-clamav
UKHomeOffice	docker-static-haproxy
UKHomeOffice	hof
UKHomeOffice	hof-transpiler
UKHomeOffice	myproject
UKHomeOffice	email-api
UKHomeOffice	email-api-client-java
UKHomeOffice	docker-stacks
UKHomeOffice	hubot-merge-spam
UKHomeOffice	hubot-decard
UKHomeOffice	hof-example-form
UKHomeOffice	hof-controllers
UKHomeOffice	rtp-mongo-lib
UKHomeOffice	aws-dsp-toolset
UKHomeOffice	docker-ckan
UKHomeOffice	Feedback
UKHomeOffice	passport-enquiries-form
UKHomeOffice	docker-solr
UKHomeOffice	drone-test-build
UKHomeOffice	drone-kubernetes
UKHomeOffice	so-forms
UKHomeOffice	openvpn-authd
UKHomeOffice	deep-ui
UKHomeOffice	docker-ckan-solr
UKHomeOffice	deep-api
UKHomeOffice	data-catalogue
UKHomeOffice	docker-scala-play
UKHomeOffice	lev-web
UKHomeOffice	docker-mysql-client
UKHomeOffice	Employers-Checking-Service-Form
UKHomeOffice	gro
UKHomeOffice	docker-artifactory
UKHomeOffice	blueprint
UKHomeOffice	docker-mailcatcher
UKHomeOffice	docker-java7-mvn
UKHomeOffice	docker-keycloakproxy
UKHomeOffice	removals_performance_tests
UKHomeOffice	dspctl
UKHomeOffice	dronescheduler
UKHomeOffice	pingdom_tools
UKHomeOffice	AppealRightsExhausted
UKHomeOffice	dockerfile-validator
UKHomeOffice	HttpsClient
UKHomeOffice	keycloakjs-redirect
UKHomeOffice	vitess
UKHomeOffice	docker-nginx-sticky
UKHomeOffice	gds-payments
UKHomeOffice	custom-fields-middleware
UKHomeOffice	docker-rtp-testing
UKHomeOffice	scala-presentation
UKHomeOffice	rtp-caseworker-mongo-lib
UKHomeOffice	kube-cfn-signal
UKHomeOffice	docker-mysql-galera
UKHomeOffice	fileproducer_kafka
UKHomeOffice	vaultctl
UKHomeOffice	vault-web-client
UKHomeOffice	docker-zookeeper
UKHomeOffice	docker-mongo
UKHomeOffice	rest-experian-qas-internet
UKHomeOffice	rest-payments
UKHomeOffice	hodac-style-guide
UKHomeOffice	docker-kafka
UKHomeOffice	rtp-logger
UKHomeOffice	eslint-config-homeoffice
UKHomeOffice	rtp-hof-spike-form
UKHomeOffice	rtp-hof-spike-mongo
UKHomeOffice	docker-kibana
UKHomeOffice	dropwizard-smart-logging-bundle
UKHomeOffice	passports-logger
UKHomeOffice	rtp-email-lib
UKHomeOffice	vault-sidekick-pkcs12
UKHomeOffice	vaultjks
UKHomeOffice	rtp-amazon-sqs-lib
UKHomeOffice	provingt-income
UKHomeOffice	docker-java8-mvn
UKHomeOffice	hof-middleware
UKHomeOffice	docker-elasticsearch-curator
UKHomeOffice	docker-postgres
UKHomeOffice	docker-nodejs-base
UKHomeOffice	git-workflow
UKHomeOffice	GRO-Extranet-prototype
UKHomeOffice	request-oauth2
UKHomeOffice	removals_e2etests
UKHomeOffice	lev-api-docs
UKHomeOffice	smilodon
UKHomeOffice	rtp-formatted-id
UKHomeOffice	hof-logger
UKHomeOffice	hof-dotfiles
UKHomeOffice	passports-date-controller
UKHomeOffice	hof-bootstrap
UKHomeOffice	postgresql
UKHomeOffice	docker-ruby
UKHomeOffice	scala-sbt
UKHomeOffice	docker-ruby-firefox-chrome
UKHomeOffice	firearms
UKHomeOffice	saru
UKHomeOffice	docker-postgres-patroni-not-tracking
UKHomeOffice	sheff-gradle
UKHomeOffice	UKVI-Complaints
UKHomeOffice	evw-self-serve
UKHomeOffice	passports-templates
UKHomeOffice	pttg-financial-status-service-api
UKHomeOffice	ukvicomplaints-prototype
UKHomeOffice	research-resources
UKHomeOffice	posters
UKHomeOffice	pttg-gradle-common
UKHomeOffice	pttg-gradle-springboot
UKHomeOffice	pttg-financial-status-service-stub
UKHomeOffice	pttg-gradle-apidocs
UKHomeOffice	pttg-gradle-repo
UKHomeOffice	pttg-financial-status-service-ui
UKHomeOffice	rtp-sqs-producer
UKHomeOffice	pttg-gradle-common-ui
UKHomeOffice	pttg-family-migration-service
UKHomeOffice	pttg-income-proving-api
UKHomeOffice	pttg-test-income-proving-mongodb
UKHomeOffice	pttg-income-proving-ui
UKHomeOffice	pttg-family-migration-ui
UKHomeOffice	docker-centos-tomcat
UKHomeOffice	kube-pttg-income-mongodb
UKHomeOffice	kube-pttg-income-ui
UKHomeOffice	kube-pttg-income-api
UKHomeOffice	docker-vault
UKHomeOffice	workshops
UKHomeOffice	docker-postgresql-patroni
UKHomeOffice	opensource-by-default
UKHomeOffice	docker-neo4j
UKHomeOffice	docker-pttg-income-proving-api
UKHomeOffice	firearms-prototype
UKHomeOffice	docker-gradle-nodejs
UKHomeOffice	evw-integration-stub
UKHomeOffice	hof-template-partials
UKHomeOffice	hof-boilerplate
UKHomeOffice	centralteam_ci
UKHomeOffice	docker-nginx
UKHomeOffice	drt-passenger-splits
UKHomeOffice	docker-postgres-exec
UKHomeOffice	docker-taurus
