orgname	name
USFWS	FWS_Gitters_n_Repos
USFWS	GIS_ArcDataSets
USFWS	FWS_PythonGoodies
USFWS	leaflet-template
USFWS	GIS_OSDataSets
USFWS	rioloco-storymap
USFWS	southeast-pathways
USFWS	idea-board
USFWS	idea-api
USFWS	AMAPPS
USFWS	secas-story-map
USFWS	southeast-mega-map
USFWS	partners-accomplishments-15
USFWS	glossary
USFWS	navigation
USFWS	gulf-restoration
USFWS	finder-api
USFWS	southeast
USFWS	southeast-priorities
USFWS	finder-frontend
USFWS	secas
USFWS	refuge-map
USFWS	fws-highlighter
USFWS	scroll-nav
USFWS	cri-story-map
USFWS	southeast-permits
