orgname	name
USGS-R	mda.lakes
USGS-R	EGRET
USGS-R	dataRetrieval
USGS-R	functionCollection
USGS-R	EflowStats
USGS-R	smwrData
USGS-R	usgs-r.github.com
USGS-R	smwrBase
USGS-R	smwrGraphs
USGS-R	smwrStats
USGS-R	smwrQW
USGS-R	glmtools
USGS-R	geoknife
USGS-R	NWCCompare
USGS-R	hazardItems
USGS-R	GSqwsr
USGS-R	DVstats
USGS-R	rloadest
USGS-R	restrend
USGS-R	GLRItcl
USGS-R	USGSHydroTools
USGS-R	rEnddat
USGS-R	SampleSplitting
USGS-R	GDopp
USGS-R	USGSHydroOpt
USGS-R	sensorQC
USGS-R	Rainmaker
USGS-R	Welcome
USGS-R	laketemps
USGS-R	powstreams
USGS-R	sbtools
USGS-R	mda.streams
USGS-R	usgs-r-website
USGS-R	lakeReport
USGS-R	grantools
USGS-R	repgen
USGS-R	toxEval
USGS-R	soilmoisturetools
USGS-R	hydrofabric
USGS-R	streamMetabolizer
USGS-R	lakeattributes
USGS-R	BatTool
USGS-R	gsplot
USGS-R	gsIntroR
USGS-R	netcdf.dsg
USGS-R	EGRETci
USGS-R	EGRETextra
USGS-R	htcTrends
USGS-R	WQ-Review
USGS-R	necsc-lake-modeling
USGS-R	hydroMap
USGS-R	WREG
USGS-R	ie2misc
USGS-R	a-la-carte
USGS-R	geolakes
USGS-R	necsc-integrated-trends
USGS-R	wateRuse
USGS-R	HUCAgg
USGS-R	GcClust
USGS-R	waterData
USGS-R	rSPARROW
USGS-R	wrv
USGS-R	intro-curriculum
