orgname	name
VHAINNOVATIONS	InfoButtons
VHAINNOVATIONS	COMS
VHAINNOVATIONS	Maternity-Tracker
VHAINNOVATIONS	GE-Pressure-Ulcer
VHAINNOVATIONS	Mobile-Distance-Hearing-Aid-Application
VHAINNOVATIONS	RAPTOR
VHAINNOVATIONS	Mental-Health-eScreening
VHAINNOVATIONS	VANS
VHAINNOVATIONS	AWARE
VHAINNOVATIONS	AVS
VHAINNOVATIONS	MHV-Enrollment
VHAINNOVATIONS	PerceptiveReach
VHAINNOVATIONS	REVAMP
VHAINNOVATIONS	FamilyHistoryCPRS
VHAINNOVATIONS	CheckListTool
VHAINNOVATIONS	ASRCM
VHAINNOVATIONS	Pre-Procedural-Checklist-Tool
VHAINNOVATIONS	Elom-Demo
VHAINNOVATIONS	ELOMM
VHAINNOVATIONS	Telepathology
VHAINNOVATIONS	DmD
VHAINNOVATIONS	ehmp-app
VHAINNOVATIONS	One-VA-Pharmacy
VHAINNOVATIONS	VistALegacyAnalytics
VHAINNOVATIONS	PseudoVet
VHAINNOVATIONS	MyGuide
VHAINNOVATIONS	RemoteOrdering
VHAINNOVATIONS	VA-PUR
VHAINNOVATIONS	BCDS
VHAINNOVATIONS	LEAF
