orgname	name
WSDOT-GIS	VSSnippets
WSDOT-GIS	ArcMapBookmarkExporter
WSDOT-GIS	ArcGisTileTest
WSDOT-GIS	ArcGisServiceDCChecker
WSDOT-GIS	ArcGISServerLauncher
WSDOT-GIS	ArcSDE-Metadata-Directory
WSDOT-GIS	ArcGIS-jQuery-Plugins
WSDOT-GIS	LayerMetadataSoe
WSDOT-GIS	FaaObstacleReader
WSDOT-GIS	ArcGisServerRestApiWrapper
WSDOT-GIS	faa-dof-gp
WSDOT-GIS	WSDOT-Traveler-Info-for-ArcGIS-JS
WSDOT-GIS	wsdot-traffic-gp
WSDOT-GIS	ogcsimplegeometry
WSDOT-GIS	ArcGisTiledLayerExtensions
WSDOT-GIS	local-roads-selector
WSDOT-GIS	ArcGIS-JS-Client-Projection
WSDOT-GIS	ArcGIS-Web-Map-Printing-Toolbox
WSDOT-GIS	FAA-FAR-77-Surface-Generation
WSDOT-GIS	usgs-ned
WSDOT-GIS	ArcGIS-Print-Test
WSDOT-GIS	Mobile-Map
WSDOT-GIS	OsmTilesInArcGisJS
WSDOT-GIS	LayerFactory
WSDOT-GIS	Traveler-Info-GeoServices-REST
WSDOT-GIS	ArcGIS-Portal-Browser
WSDOT-GIS	ArcSDE-GDB-Info
WSDOT-GIS	CIA-Local-Roads-Selector
WSDOT-GIS	CSV-Reader
WSDOT-GIS	ArcGis-JS-in-ASP.NET-Web-Forms
WSDOT-GIS	map-extent-popup
WSDOT-GIS	ArcGIS-JS-with-AJAX-Control-Toolkit
WSDOT-GIS	faa-far77-gp-batch
WSDOT-GIS	ArcGIS-License-Checker
WSDOT-GIS	WSDOT-Traveler-Info-DotNet-Client
WSDOT-GIS	ArcGIS-Routing-and-Traffic-Demo
WSDOT-GIS	Alpaca
WSDOT-GIS	osm-search
WSDOT-GIS	CSV-Reader-Demo
WSDOT-GIS	CSV-Reader-Docs
WSDOT-GIS	GTFS.NET
WSDOT-GIS	GTFS-Service
WSDOT-GIS	Layer-Metadata-SOE-JS-Client
WSDOT-GIS	Traveler-Information-LeafletJS-Map
WSDOT-GIS	WSDOT-Traveler-Info-Icons
WSDOT-GIS	ogc-simple-geometry-test
WSDOT-GIS	parse-and-project-test
WSDOT-GIS	arcgis-relation-demo
WSDOT-GIS	Wamas-Client
WSDOT-GIS	GTFS-JS
WSDOT-GIS	fc-legend
WSDOT-GIS	Wamas-JS-Client
WSDOT-GIS	GeoPortal
WSDOT-GIS	elc-js
WSDOT-GIS	elc-selector
WSDOT-GIS	gp-locate-points-along-specific-routes
WSDOT-GIS	elcpy
WSDOT-GIS	Geoportal-Bootstrap
WSDOT-GIS	ArcGis-Route-UI
WSDOT-GIS	usgs-elevation-dotnet
WSDOT-GIS	elc-dotnet-client
WSDOT-GIS	dor-tax-rate-reader
WSDOT-GIS	dor-tax-info-importer-py
WSDOT-GIS	dms-js
WSDOT-GIS	arcgis-map-thumbnail-builder
WSDOT-GIS	bridge-clearance-app
WSDOT-GIS	NetTopologySuiteDoxygen
WSDOT-GIS	gp-clip-and-ship
WSDOT-GIS	image-service-test
WSDOT-GIS	arcgis-js-buffer
WSDOT-GIS	arcgis-js-layer-list
WSDOT-GIS	arcgis-js-export-graphics
WSDOT-GIS	arcgis-js-draw-ui
WSDOT-GIS	arcgis-style-ui
WSDOT-GIS	download-arcgis-features
WSDOT-GIS	arcgis-flex-template
WSDOT-GIS	airspace-calculator
WSDOT-GIS	arcgis-server-data-connection-logger
WSDOT-GIS	agolUtils
WSDOT-GIS	arcgis-server-attachment-gallery
WSDOT-GIS	arcgis-open-data-js
WSDOT-GIS	arcgis-geolocate-button
WSDOT-GIS	arcgis-query-string-utilities
WSDOT-GIS	arcgis-print-ui
WSDOT-GIS	geospatialMetadata
WSDOT-GIS	WITPA
WSDOT-GIS	arcgis-legend-generator
WSDOT-GIS	arcgis-lrs-gp-client
WSDOT-GIS	arcgis-gp-export-tools
WSDOT-GIS	arcgis-webmap-parser
WSDOT-GIS	wsdot-traveler-info-js
WSDOT-GIS	armcalc-wcf-client
