orgname	name	star_count	forks	issues	contributors	size
AAFC-MBB	rpmout	0	0	0	1	10394
AAFC-MBB	ITISProxy	0	0	0	1	420
AAFC-MBB	matiri	1	0	0	2	284
AAFC-MBB	android-mock-ws	0	0	0	1	176
AAFC-MBB	android-real-ws	0	0	0	1	376
AAFC-MBB	ITISProxyLoader	0	0	0	1	136
AAFC-MBB	NGSSampleManager	0	0	0	2	327
AAFC-MBB	dockerfiles	1	0	0	3	347
AAFC-MBB	puppet-manifests	1	0	0	2	292
AAFC-MBB	AODP_releases	2	0	0	1	268463
AAFC-MBB	acceptor	0	0	0	1	196
AAFC-MBB	MBB-Bio-Roll	0	0	0	1	1164532
AAFC-MBB	Galaxy	0	0	0	3	24370
AAFC-MBB	rpmpaths	0	0	0	1	948
AAFC-MBB	HostPathogenWS	0	0	0	1	396
AAFC-MBB	HostPathogenLuceneIndexer	0	0	0	1	264
AAFC-MBB	gbif-ipt-vagrant	0	0	0	4	250
AAFC-MBB	HostPathogenLuceneSearcher	0	0	0	1	656
AAFC-MBB	HostPathogenNouns	0	0	0	1	217
AAFC-MBB	vagrant-aws	0	0	0	1	100
AAFC-MBB	blastdb_dynamo	0	0	0	1	0
AAFC-MBB	HostPathogenJSP	0	0	0	1	168
AAFC-MBB	MBB-Bio-Roll-Docker	0	0	0	1	136
