orgname	name	star_count	forks	issues	contributors	size
difi	datahotel	12	0	0	1	1242
difi	brukar	2	0	0	1	102
difi	datahotel-java	1	0	0	1	125
difi	oxalis	25	0	0	12	6864
difi	veileder-opnedata	3	0	0	1	412
difi	vefa-validator-conf	18	0	0	4	86577
difi	vefa-validator-app	7	0	0	3	2391
difi	datahotel-converter	0	0	0	1	120
difi	kontaktregisteret-klient	1	0	0	6	556
difi	begrep-Felles	0	0	0	3	304
difi	begrep-SikkerDigitalPost	2	0	0	10	8276
difi	begrep-Oppslagstjenesten	0	0	0	3	2069
difi	begrep-ID-porten	1	0	0	2	388
difi	sikker-digital-post-java-klient	1	0	0	6	1159
difi	vefa-ehf-xslt	1	0	0	3	365
difi	sdp-klient-eksempel-java-jetty	1	0	0	3	244
difi	sdp-klient-eksempel-java-webclient	3	0	0	4	46792
difi	vefa-vagrant	0	0	0	1	108
difi	cmsdetect	0	0	0	1	160
difi	sikker-digital-post-net-klient	0	0	0	6	65902
difi	sikker-digital-post-net-klient-demo	0	0	0	2	432
difi	demo-ipeppol	0	0	0	1	136
difi	vefa-smp	0	0	0	1	152
