orgname	name	star_count	forks	issues	contributors	size
erasme	check_cciss	1	0	0	0	76
erasme	wii2osc	2	0	0	0	96
erasme	sinatra_skeleton	0	0	0	1	100
erasme	erajs	3	0	0	2	33305
erasme	museotouch	7	0	0	5	12922
erasme	paperzoom	1	0	0	1	1332
erasme	sensors	2	0	0	1	424
erasme	shortie	1	0	0	0	152
erasme	protheses	1	0	0	2	15448
erasme	museotouch-serveur	0	0	0	2	404
erasme	logotouch2	2	0	0	1	676
erasme	raspeomix	3	0	0	2	16948
erasme	vagrant-dev-env	0	0	0	0	56
erasme	rouedesinventions	0	0	0	2	9968
erasme	liberasme-http-cil	1	0	0	1	364
erasme	liberasme-cloud-cil	1	0	0	1	4164
erasme	rfidreader	0	0	0	2	34832
erasme	kjing	1	0	0	1	964
erasme	griotte	7	0	0	1	1621
erasme	griotte.erasme.org	1	0	0	1	1725
erasme	guidelines	1	0	0	2	252
erasme	webnapperon2	1	0	0	1	3432
