orgname	name	star_count	forks	issues	contributors	size
gbv	picatextarea	2	0	0	1	172
gbv	GBV-RDF-Namespaces	1	0	0	1	100
gbv	transformers	2	0	0	3	2556
gbv	lbs2daia	1	0	0	1	140
gbv	daia	5	0	0	1	1050
gbv	swib11app	4	0	0	1	120
gbv	picamodbot	1	0	0	1	380
gbv	GBV-App-Itemids	1	0	0	1	95
gbv	paia	5	0	0	2	1307
gbv	beaconspec	5	0	0	2	1031
gbv	beacon.jar	1	0	0	1	1708
gbv	gbv.github.com	0	0	0	1	104
gbv	sparql-test	0	0	0	1	1020
gbv	PICA-Edit	0	0	0	1	144
gbv	PICA-Modification	0	0	0	1	164
gbv	PICA-Modification-App	0	0	0	1	108
gbv	PICA-Record	0	0	0	1	248
gbv	beacon-js	6	0	0	1	120
gbv	ssso	2	0	0	1	874
gbv	libsites	0	0	0	1	820
gbv	publikationslisten-php	0	0	0	1	312
gbv	gbv-csl	1	0	0	1	3248
gbv	daia-config	1	0	0	4	586
gbv	citeproc-php	1	0	0	0	960
gbv	gsomenu	1	0	0	2	505
gbv	daiaspec	1	0	0	1	872
gbv	dso	1	0	0	1	673
gbv	bibapp-ios	1	0	0	3	13683
gbv	bibapp-android	3	0	0	2	3532
gbv	gbv-ontology	0	0	0	1	117
gbv	findex-config	1	0	0	0	160
gbv	OA-Statistik	2	0	0	1	216
gbv	libsites-config	2	0	0	10	790
gbv	Catmandu-PICA	0	0	0	3	429
gbv	Catmandu-XML	2	0	0	2	441
gbv	Catmandu-Tutorial	3	0	0	2	555
gbv	aREF	2	0	0	2	451
gbv	dbinfo	0	0	0	1	536
gbv	App-PAIA	0	0	0	1	316
gbv	libso	0	0	0	3	254
gbv	App-Cocoda	0	0	0	1	108
gbv	cocoda	2	0	0	2	1126
gbv	vzg-apis	0	0	0	1	100
gbv	ng-skos	4	0	0	2	1572
gbv	zdbid	0	0	0	1	116
gbv	ng-suggest	4	0	0	2	1208
gbv	ng-daia	1	0	0	2	1072
gbv	lod303	1	0	0	1	144
gbv	gbvontology	1	0	0	1	132
gbv	coverdienst	0	0	0	1	219
gbv	JITA	0	0	0	1	292
gbv	mtest	0	0	0	1	232
gbv	jskos	1	0	0	1	336
gbv	PICA-Data	0	0	0	2	470
gbv	Data-BEACON	0	0	0	1	128
gbv	Catmandu-Plack-unAPI	0	0	0	1	136
gbv	unapi-catmandu	0	0	0	1	100
gbv	wmbeacons	0	0	0	1	340
gbv	itemcount	0	0	0	1	244
gbv	seealso	0	0	0	0	0
gbv	ng-sru	0	0	0	1	0
