orgname	name	star_count	forks	issues	contributors	size
GeoscienceAustralia	earthsci	15	0	0	2	127285
GeoscienceAustralia	conn4D	0	0	0	1	5360
GeoscienceAustralia	gocad-projector	0	0	0	2	196
GeoscienceAustralia	tcrm	1	0	0	3	45485
GeoscienceAustralia	test_repo	0	0	0	1	108
GeoscienceAustralia	agdc	5	0	0	7	3238
GeoscienceAustralia	Wind_multipliers	2	0	0	2	70700
GeoscienceAustralia	iSentinel	1	0	0	1	3248
GeoscienceAustralia	geo-web-toolkit	0	0	0	4	1073
GeoscienceAustralia	geo-web-toolkit-examples	0	0	0	4	494
GeoscienceAustralia	EO_tools	1	0	0	3	398
GeoscienceAustralia	unstructInterp	0	0	0	2	252
GeoscienceAustralia	TsuTools	0	0	0	2	7780
GeoscienceAustralia	flowtools	0	0	0	2	11140
GeoscienceAustralia	PF3D	0	0	0	3	29388
GeoscienceAustralia	geodesy-sitelog-domain	0	0	0	1	1008
