orgname	name	star_count	forks	issues	contributors	size
IATI	IATI-XSLT	7	0	0	6	287
IATI	IATI-Previewer	4	0	0	2	428
IATI	CSV2IATI-backend	2	0	0	3	744
IATI	IATI-Registry-Refresher	2	0	0	2	273
IATI	IATI-Public-Validator	2	0	0	2	1012
IATI	iati-datastore	19	0	0	9	2676
IATI	IATI-Schemas	3	0	0	6	1999
IATI	IATI-Query-Builder	2	0	0	2	436
IATI	IATI-Stats	0	0	0	3	1482
IATI	IATI-Websites	0	0	0	3	1324
IATI	IATI-Codelists	1	0	0	5	1026
IATI	IATI-Rulesets	3	0	0	3	470
IATI	IATI-Standard-SSOT	4	0	0	5	1159
IATI	IATI-Extra-Documentation	2	0	0	8	2059
IATI	IATI-Developer-Documentation	1	0	0	3	712
IATI	IATI-Dashboard	4	0	0	4	3036
IATI	IATI-Codelists-NonEmbedded	0	0	0	4	988
IATI	iati.github.io	0	0	0	2	288
IATI	IATI-Guidance	0	0	0	7	1320
IATI	IATI-Implementation-Schedule	1	0	0	1	2214
IATI	AidTransparency-website	0	0	0	2	120
IATI	IATI-Website-Tests	0	0	0	2	292
IATI	IATI-Wiki-Archive	0	0	0	0	21328
