orgname	name	star_count	forks	issues	contributors	size
innovationgovau	ctm_google_qr_code	0	0	0	1	136
innovationgovau	foundation-make	0	0	0	2	180
innovationgovau	elfinder	0	0	0	1	424
innovationgovau	webform_extra_permissions	0	0	0	0	100
innovationgovau	webform_options	0	0	0	1	120
innovationgovau	webform_reset	0	0	0	1	100
innovationgovau	apprenticeships_map	0	0	0	1	276
innovationgovau	Australian-Apprenticeships-Theme	0	0	0	1	432
innovationgovau	Australian-Apprenticeships-Ambassadors-Booking-Form	0	0	0	1	104
innovationgovau	Industry-Innovation-Competitiveness-Agenda-Form	0	0	0	1	128
innovationgovau	Australian-Apprenticeships-Ambassadors-Map	0	0	0	1	140
