orgname	name	star_count	forks	issues	contributors	size
metno	moxml	2	0	0	1	108
metno	wdb-libwdbload	3	0	0	2	408
metno	wdb-gribload	1	0	0	2	760
metno	wdb-feltload	2	0	0	2	476
metno	wdb-demload	1	0	0	2	244
metno	wdb2ts	1	0	0	2	2300
metno	wdb-config	1	0	0	2	140
metno	wdb-bilload	1	0	0	2	416
metno	wdb	5	0	0	3	4987
metno	wdb-metadata	2	0	0	2	420
metno	wdb-netcdf	1	0	0	1	216
metno	wdb-moxload	1	0	0	1	224
metno	wdb-stationplacesync	1	0	0	3	664
metno	wdb-locationforecastLoad	1	0	0	2	348
metno	wdb2R	1	0	0	1	292
metno	wdb-feltpointload	1	0	0	1	100520
metno	parch_locationforecastLoad	1	0	0	1	128
metno	wdb-pointvalueload	2	0	0	3	1724
metno	wdb-netcdfload	1	0	0	3	2508
metno	wdb-partition	1	0	0	1	120
metno	openlayers-timeslider	8	0	0	3	372
metno	parch_miopdbLoad	1	0	0	1	156
metno	wdb-pointvaluebatchload	0	0	0	2	244
metno	metadata-editor	3	0	0	2	1641
metno	wdbview	0	0	0	1	184
metno	weather_symbol	0	0	0	1	400
metno	bora_prototype	0	0	0	1	324
metno	esd.test	1	0	0	1	65393
metno	wdb-performance	0	0	0	1	280
metno	cookbook-phabricator	4	0	0	2	240
metno	diana	0	0	0	10	12814
metno	esd	0	0	0	3	62343
metno	met-api	1	0	0	4	8728
metno	met-api-cd	1	0	0	1	256
metno	rscripts	1	0	0	3	162
metno	arcanist-support	0	0	0	2	160
metno	seNorge2	0	0	0	0	104
metno	nir	0	0	0	3	1192
metno	sesongvarsling	0	0	0	1	0
metno	sesongarsling	0	0	0	1	148
metno	metno.github.io	1	0	0	1	431
metno	gpp	1	0	0	1	416
