orgname	name	star_count	forks	issues	contributors	size
onroerenderfgoed	Onroerend-Erfgoed-SLD	3	0	0	2	272
onroerenderfgoed	VioeCs	2	0	0	1	96
onroerenderfgoed	CslOnroerendErfgoed	1	0	0	1	96
onroerenderfgoed	VioeConvertor	2	0	0	1	140
onroerenderfgoed	Lukas	6	0	0	1	144
onroerenderfgoed	oeps_gis	0	0	0	1	416
onroerenderfgoed	pyoes	1	0	0	4	5079
onroerenderfgoed	crabpy	4	0	0	4	1979
onroerenderfgoed	la2001	0	0	0	7	17352
onroerenderfgoed	crabpy_pyramid	1	0	0	4	1302
onroerenderfgoed	dcextensions	1	0	0	2	189
onroerenderfgoed	atramhasis	3	0	0	8	2833
onroerenderfgoed	cobertura2clover	0	0	0	2	172
onroerenderfgoed	skosprovider_rdf	1	0	0	5	536
onroerenderfgoed	grass-dhm-import	0	0	0	1	152
onroerenderfgoed	trac-inventaris	0	0	0	1	140
onroerenderfgoed	housenum-be-r-parser	0	0	0	4	356
onroerenderfgoed	storageprovider-client	1	0	0	2	328
onroerenderfgoed	php-housenum-be-r-parser	1	0	0	2	304
onroerenderfgoed	OnroerendErfgoed.github.io	0	0	0	2	516
onroerenderfgoed	sphinx-vlaamsecodex	1	0	0	3	300
onroerenderfgoed	language-tags	1	0	0	2	556
onroerenderfgoed	skosprovider_getty	1	0	0	4	524
onroerenderfgoed	pgSFTI	1	0	0	1	456
onroerenderfgoed	skosprovider_heritagedata	1	0	0	3	368
onroerenderfgoed	crabpy_dojo	1	0	0	1	197
onroerenderfgoed	mvrl	0	0	0	1	196
onroerenderfgoed	erfgoedstijl	1	0	0	2	3152
onroerenderfgoed	skosprovider_atramhasis	1	0	0	2	216
onroerenderfgoed	php-skosprovider	1	0	0	1	136
