orgname	name	star_count	forks	issues	contributors	size
pensandoodireito	sislegis-site	0	0	0	4	622
pensandoodireito	sislegis-prototipo	0	0	0	1	1253
pensandoodireito	sislegis-app	0	0	0	6	9795
pensandoodireito	marcocivil-tema	1	0	0	2	3013
pensandoodireito	sislegis-dotfiles	0	0	0	1	186
pensandoodireito	sislegis-ambiente	0	0	0	2	286
pensandoodireito	sislegis-ambiente-ubuntu	0	0	0	1	145
pensandoodireito	sislegis-ambiente-fedora	0	0	0	1	164
pensandoodireito	sisdepen-forms	1	0	0	2	9112
pensandoodireito	dadospessoais-tema	1	0	0	2	656
pensandoodireito	pensandoodireito-tema	2	0	0	2	3580
pensandoodireito	participacao-sitebase	3	0	0	1	1240
pensandoodireito	pensandoodireito-network-functions	0	0	0	2	180
