orgname	name	star_count	forks	issues	contributors	size
prefeiturasp	gestaourbanasp	6	0	0	2	32387
prefeiturasp	mapa-gestaourbanasp	2	0	0	1	820
prefeiturasp	minuta-participativa	4	0	0	7	7345
prefeiturasp	programa-de-metas-wp	12	0	0	4	12588
prefeiturasp	gestaopress	1	0	0	1	2200
prefeiturasp	programa-de-metas-api	1	0	0	3	5641
prefeiturasp	dicionario-de-dados	2	0	0	2	1780
prefeiturasp	formulario-funcao-social	1	0	0	1	864
prefeiturasp	ckan-csv-mass-import	1	0	0	1	332
prefeiturasp	planeja-sampa	1	0	0	1	11412
