orgname	name	star_count	forks	issues	contributors	size
rOpenGov	rsunlight	26	0	0	3	2513
rOpenGov	sweSCB	8	0	0	4	926
rOpenGov	rustfare	4	0	0	2	632
rOpenGov	ropengov.github.io	9	0	0	0	15800
rOpenGov	rqog	2	0	0	1	3316
rOpenGov	sotkanet	2	0	0	2	384
rOpenGov	statfi	1	0	0	3	416
rOpenGov	helsinki	3	0	0	2	3044
rOpenGov	gisfin	4	0	0	4	10222
rOpenGov	datavaalit	1	0	0	1	376
rOpenGov	rtimes	4	0	0	1	389
rOpenGov	mpg	1	0	0	1	163
rOpenGov	psData	15	0	0	1	1160
rOpenGov	usbroadband	0	0	0	1	132
rOpenGov	RPublica	5	0	0	1	196
rOpenGov	finpar	1	0	0	1	304
rOpenGov	guidelines-docs	2	0	0	6	422
rOpenGov	federalregister	2	0	0	1	208
rOpenGov	enigma	3	0	0	1	480
rOpenGov	eurostat	6	0	0	4	1234
rOpenGov	RWaPo	0	0	0	0	0
rOpenGov	recalls	1	0	0	1	176
rOpenGov	dkstat	3	0	0	2	315
rOpenGov	finSCB	0	0	0	0	232
rOpenGov	pxweb	5	0	0	4	945
rOpenGov	fmi	0	0	0	4	441
rOpenGov	rwfs	0	0	0	3	340
rOpenGov	election	0	0	0	1	100
rOpenGov	fennica	0	0	0	1	136
rOpenGov	estc	0	0	0	2	33436
rOpenGov	template	2	0	0	0	0
