orgname	name	star_count	forks	issues	contributors	size
sfcta	androidtracks	22	0	0	0	1436
sfcta	TAutils	5	0	0	2	1328
sfcta	CycleTracks	28	0	0	3	1860
sfcta	BikeRouter	11	0	0	1	164
sfcta	CountDracula	4	0	0	2	1179
sfcta	cycletracks-crusher	0	0	0	1	152
sfcta	timesheet	0	0	0	2	1270
sfcta	dispatch	0	0	0	1	168
sfcta	champ-client	0	0	0	1	124
sfcta	cluster	0	0	0	2	193
sfcta	quickboards	0	0	0	2	176
sfcta	CycleTracksWebsite	3	0	0	1	92
sfcta	MyStreetSF	0	0	0	1	3516
sfcta	delay_distribution	0	0	0	1	512
sfcta	mat2h5	0	0	0	1	298
sfcta	ta-setup	0	0	0	1	143216
sfcta	popgen1	0	0	0	1	9400
sfcta	ChampClient	0	0	0	1	136
sfcta	NetworkWrangler	0	0	0	2	539
