orgname	name	star_count	forks	issues	contributors	size
SJCGIS	PolarisJS	0	0	0	1	11924
SJCGIS	aircraft-noise-reporting	1	0	0	7	1236
SJCGIS	stormwater-planning-map-gallery	0	0	0	3	5652
SJCGIS	Esri-CityEngine-tutorial	0	0	0	1	1824
SJCGIS	jet-noise-reports-presentation	0	0	0	1	3824
SJCGIS	tsunami-inundation	0	0	0	4	1532
SJCGIS	ppt-just-say-no	0	0	0	1	1452
SJCGIS	aircraft-noise-map	1	0	0	2	140
SJCGIS	collision-heatmaps	0	0	0	1	128
SJCGIS	sjcgis.github.io	0	0	0	0	0
SJCGIS	email-templates	0	0	0	1	136
SJCGIS	arcgis-dynamic-segmentation-widget	0	0	0	1	168
SJCGIS	newsletters	0	0	0	1	0
SJCGIS	ago-web-maps	0	0	0	1	0
