orgname	name	star_count	forks	issues	contributors	size
wet-boew	wet-boew	648	0	0	33	171310
wet-boew	wet-boew-drupal	129	0	0	16	22085
wet-boew	wet-boew-wordpress	18	0	0	6	31240
wet-boew	wet-boew-php	24	0	0	9	8570
wet-boew	wet-boew-ssi	6	0	0	6	8364
wet-boew	wet-boew-multimedia-fallback	4	0	0	2	927
wet-boew	wet-boew-wpss	14	0	0	3	4316
wet-boew	wet-boew-xsl	2	0	0	1	6784
wet-boew	wet-boew-legacy	2	0	0	4	69895
wet-boew	wet-boew-dotnet	3	0	0	5	1705
wet-boew	wet-boew-attachments	3	0	0	10	74873
wet-boew	wet-boew-sharepoint	6	0	0	3	3104
wet-boew	wet-boew-dotnetnuke	1	0	0	2	11780
wet-boew	wet-boew-mobiledevicebasedapps	1	0	0	1	100
wet-boew	web-reporting	1	0	0	1	104
wet-boew	wet-boew.github.io	4	0	0	4	11793
wet-boew	wet-boew-dist	13	0	0	3	237897
wet-boew	codefest	8	0	0	8	17003
wet-boew	wet-boew-joomla	1	0	0	1	96
wet-boew	wet-boew-jekyll	2	0	0	4	2608
wet-boew	wet-boew-documentation	0	0	0	2	268
wet-boew	wet-boew-ckeditor	0	0	0	1	108
wet-boew	wet-boew-api-standards	5	0	0	8	413
wet-boew	wet-boew-api	0	0	0	2	112
wet-boew	GCWeb	13	0	0	14	8689
wet-boew	generator-wet-boew-theme	4	0	0	3	466
wet-boew	wet-boew-styleguide	13	0	0	13	12004
wet-boew	wet-boew-codecharge	1	0	0	2	217
wet-boew	theme-gcwu-fegc	5	0	0	10	1678
wet-boew	wet-boew-docpad	0	0	0	0	56
wet-boew	theme-gc-intranet	2	0	0	9	1116
wet-boew	techspecs	0	0	0	0	0
wet-boew	theme-base	3	0	0	7	868
wet-boew	theme-ogpl	0	0	0	8	934
wet-boew	themes-dist	2	0	0	2	179896
wet-boew	wet-boew-java-maven	0	0	0	1	192
wet-boew	wiwg_html-data_core-types	0	0	0	1	144
wet-boew	wiwg_html-data_use-cases	0	0	0	0	0
wet-boew	wiwg_api_use-cases	0	0	0	0	0
wet-boew	wiwg_api_current-infrastructure	0	0	0	0	0
wet-boew	wet-boew-student-project	2	0	0	4	5712
wet-boew	grunt-i18n-csv	1	0	0	1	280
wet-boew	canada-demo-site-	0	0	0	1	0
wet-boew	wet-boew-aem	1	0	0	1	0
wet-boew	wet-boew-epub	0	0	0	2	4551
wet-boew	openlayers-dist	0	0	0	1	5988
wet-boew	openlayers	0	0	0	93	14656
wet-boew	grunt-usemin-assets	0	0	0	1	0
wet-boew	wet-boew-release	1	0	0	1	340
wet-boew	node-git-simple	0	0	0	1	184
wet-boew	grunt-wet-boew-postbuild	0	0	0	1	184
wet-boew	wet-boew-drupal-dist	0	0	0	1	92
wet-boew	codefest-transcripts	0	0	0	1	152
wet-boew	grunt-cssmin-ie8-clean	0	0	0	1	131
