orgname	name	star_count	forks	issues	contributors	size
alphagov	jquery-link-annotator	2	1	0	1	96
alphagov	geolib	1	1	0	3	122
alphagov	cdn_helpers	5	2	0	2	127
alphagov	static	62	25	5	81	27237
alphagov	slimmer	14	3	2	44	1828
alphagov	meetingotron	15	4	0	2	94
alphagov	publisher	18	9	5	56	11719
alphagov	gds-sso	13	5	3	29	1872
alphagov	govspeak	36	5	3	33	1056
alphagov	panopticon	15	3	1	46	5600
alphagov	imminence	6	2	0	29	2749
alphagov	searchtools	2	1	0	1	104
alphagov	frontend	193	32	4	75	31668
alphagov	plek	2	1	2	28	463
alphagov	whitehall	249	94	3	89	181555
alphagov	Browserview	2	1	0	1	224
alphagov	marples	2	2	0	3	123
alphagov	smart-answers	62	25	9	63	32810
alphagov	chief_whip	2	1	0	1	96
alphagov	rummager	22	6	2	55	7703
alphagov	rummageable	1	1	0	19	472
alphagov	calendars	16	3	2	34	1798
alphagov	daemonette	2	1	0	3	104
alphagov	smokey	8	3	0	51	1764
alphagov	gds-api-adapters	5	2	1	40	3803
alphagov	recommended-links	5	1	0	20	1385
alphagov	alphagov.github.io	10	2	0	29	97508
alphagov	gds-warmup-controller	1	1	0	2	100
alphagov	api-explorer	3	3	0	1	168
alphagov	design-principles	43	24	2	45	71234
alphagov	sibyl	3	1	0	1	124
alphagov	signonotron2	33	15	7	34	7199
alphagov	design-assets	1	1	0	4	4867
alphagov	licence-finder	3	2	0	23	1818
alphagov	gds-scala-common	6	3	4	11	4706
alphagov	tumblr	1	1	0	3	196
alphagov	prototyping	23	7	2	25	33817
alphagov	gem_publisher	6	8	3	10	570
alphagov	govuk_content_models	3	2	1	36	4724
alphagov	trade-tariff-backend	2	2	0	20	12439
alphagov	trade-tariff-frontend	2	2	0	24	15897
alphagov	EFG	33	7	5	12	23663
alphagov	styleguides	59	17	0	34	814
alphagov	e-petitions	15	7	3	6	569
alphagov	govuk_content_api	6	2	0	32	3550
alphagov	omniauth-gds	1	1	0	6	246
alphagov	business-support-finder	2	1	2	30	2188
alphagov	a11y	2	1	0	1	110
alphagov	public-reading-stage	4	1	0	0	512
alphagov	google-auth-bridge	3	1	0	4	124
alphagov	govuk_frontend_toolkit	162	37	4	34	2167
alphagov	feedback	2	2	0	37	2913
alphagov	support	2	1	1	33	5042
alphagov	govuk-archive	4	7	0	1	8498828
alphagov	cross-browser-tests	1	1	0	4	172
alphagov	fabric-scripts	16	5	0	23	1243
alphagov	fake_google_analytics	6	1	0	3	148
alphagov	character_encoding_cleaner	1	1	0	1	136
alphagov	assets-directgov	1	2	0	7	486834
alphagov	assets-businesslink	1	2	0	6	233610
alphagov	magna-charta	139	10	3	3	809
alphagov	government-service-design-manual	135	134	13	103	44160
alphagov	sbv-to-ttaf	1	1	0	1	114
alphagov	ghtools	6	1	0	12	496
alphagov	transition-config	8	6	1	29	42213
alphagov	release	8	2	15	23	1541
alphagov	gapy	8	8	2	11	402
alphagov	travel-advice-publisher	1	1	0	16	2016
alphagov	gds_zendesk	3	1	0	7	398
alphagov	dayinthelife	1	1	0	5	2060
alphagov	vagrant-govuk	5	3	0	12	572
alphagov	trade-tariff-oracle	1	2	0	1	103
alphagov	shared_mustache	2	1	1	4	273
alphagov	asset-manager	1	2	0	14	1063
alphagov	github-jenkins-trigger	3	1	0	1	128
alphagov	estools	2	1	0	5	216
alphagov	gds-boxen	22	7	2	92	88171
alphagov	kibana-gds	3	2	0	12	509
alphagov	tv-radio-fillers-reporting-dashboard	1	1	0	1	316
alphagov	govuk_frontend_toolkit_gem	12	5	0	10	565
alphagov	performance-platform	5	2	0	5	3565
alphagov	need-o-tron-daily	2	1	0	1	108
alphagov	inside-government-admin-guide	4	3	0	10	19032
alphagov	backdrop	9	5	5	25	10579
alphagov	boxgrinder-appliances	4	2	0	8	280
alphagov	ubuntu-1204-dev	1	2	0	1	121
alphagov	smart-answers-stack	1	1	0	1	144
alphagov	redirector-data	1	3	0	4	839
alphagov	trade-tariff-admin	1	2	0	9	1496
alphagov	stageprompt	5	3	0	9	1003
alphagov	calculators-prototype	1	1	1	1	154
alphagov	packager	6	7	0	12	1658
alphagov	puppet-curl	2	4	2	3	242
alphagov	government-interrogation-spending-tool	2	2	1	3	1270
alphagov	smart-answer-builder	2	1	0	2	256
alphagov	pp-puppet	13	2	5	23	76997
alphagov	prototyping-v2	1	3	0	3	252
alphagov	puppet-harden	5	2	0	6	277
alphagov	calculators	3	2	0	20	1963
alphagov	puppet-ext4mount	1	1	0	1	136
alphagov	puppet-limelight	1	1	0	1	108
alphagov	puppet-gds_dns	1	3	1	4	223
alphagov	puppet-inabox	1	1	0	1	152
alphagov	ci-puppet	6	8	0	37	3915
alphagov	performanceplatform-documentation	4	5	0	14	2519
alphagov	bouncer	2	2	2	12	2955
alphagov	public-bodies	1	1	0	4	559
alphagov	backdrop-asset-request-collector	2	1	0	2	272
alphagov	backdropsend	1	1	2	7	512
alphagov	transformation-dashboard	1	6	0	17	5848
alphagov	backdrop-google-spreadsheet-collector	1	1	0	6	236
alphagov	showtime	3	1	1	8	548
alphagov	guice-utils	1	1	0	3	1051
alphagov	govuk_template	22	21	10	34	2734
alphagov	optic14n	1	1	0	4	460
alphagov	transactions-explorer	3	4	0	15	4963
alphagov	cache-stats-simulator	1	1	0	1	117
alphagov	service-explorer-tree-map	1	3	0	1	472
alphagov	govuk_mirror-puppet	3	3	0	13	862
alphagov	puppet-gds_accounts	1	1	0	2	136
alphagov	contacts-admin	2	1	2	25	52379
alphagov	puppet-puppet	1	1	0	3	184
alphagov	user-research-crx	3	1	0	1	144
alphagov	fourth-wall	4	6	2	14	492
alphagov	govuk_template_play	3	1	0	1	1357
alphagov	transition	1	5	1	12	12183
alphagov	puppet-clamav	1	1	2	3	392
alphagov	servicechecker	2	1	0	2	152
alphagov	govuk_need_api	5	4	0	13	1926
alphagov	maslow	3	5	0	19	2913
alphagov	router	108	7	0	8	4237
alphagov	stagecraft	2	3	3	16	5606
alphagov	fco-smartpay-skin	1	1	0	3	1140
alphagov	spotlight	28	17	4	30	38184
alphagov	govuk_template_mustache	1	1	0	3	1282
alphagov	router-api	6	3	1	10	1367
alphagov	govuk_frontend_toolkit_npm	5	2	0	7	640
alphagov	maslow-prototype	1	1	0	1	152
alphagov	smart_pay	1	1	0	1	125
alphagov	content-planner	2	2	1	8	3257
alphagov	service-domain-checker	1	3	0	4	441
alphagov	job-or-not	1	1	0	1	140
alphagov	bad_link_finder	1	1	1	8	744
alphagov	business-support-api	1	1	0	9	887
alphagov	bad_link_finder_runner	1	1	0	1	108
alphagov	design-patterns	1	2	1	7	4647
alphagov	rack-logstasher	2	2	0	3	200
alphagov	puppet-aptmirror	1	2	0	1	88
alphagov	departmental-publishing-collaboration-visualisation	1	1	0	1	116
alphagov	puppet-bandersnatch	1	1	0	1	100
alphagov	external-link-tracker	3	1	0	4	653
alphagov	puppet-gor	5	1	0	2	252
alphagov	dropwizard-scala	4	2	1	4	423
alphagov	nagios-plugins	1	2	1	8	309
alphagov	finder-frontend	1	1	3	18	3555
alphagov	specialist-publisher	3	6	2	25	11381
alphagov	specialist-frontend	1	2	1	15	2244
alphagov	blinken	12	7	1	12	747
alphagov	location-data-importer	3	1	0	1	61789
alphagov	pp-machine-images	2	2	0	3	188
alphagov	waste-carriers-prototype	1	2	0	1	1304
alphagov	flooddata	2	1	1	1	29236
alphagov	puppet-tune_ext	1	1	0	1	100
alphagov	pp-smokey	1	2	2	10	1531
alphagov	pp-db-collector-template	1	1	0	2	264
alphagov	transition-dashboard	2	2	0	2	933
alphagov	govuk_offsitebackups-puppet	1	2	2	13	1798
alphagov	shower-gds	2	3	2	2	365
alphagov	search-performance-dashboard	2	1	0	3	704
alphagov	smart_pay_npm	1	1	0	1	136
alphagov	colophon	1	2	0	3	168
alphagov	govuk_elements	29	13	3	9	16928
alphagov	lensman	2	2	0	1	106
alphagov	content-store	2	3	0	16	2628
alphagov	cheapseats	1	2	1	10	909
alphagov	govuk_migration_plan_public	14	3	0	4	250
alphagov	collections	1	1	0	12	1564
alphagov	manuals-frontend	1	2	2	16	5277
alphagov	backdrop-collector-config	1	1	0	2	280
alphagov	search-admin	1	1	0	8	803
alphagov	search-analytics	1	1	0	4	396
alphagov	govuk_crawler_worker	9	4	2	8	1734
alphagov	icinga_slack_webhook	1	2	0	2	206
alphagov	govuk_admin_template	2	3	1	9	945
alphagov	performanceplatform-collector	2	2	4	14	1975
alphagov	performanceplatform-collector-config	1	2	0	15	1292
alphagov	spotlight-config	1	1	0	1	1356
alphagov	performanceplatform-dashboard-admin	1	1	0	2	1480
alphagov	puppet-lumberjack	1	1	0	4	268
alphagov	cdn-acceptance-tests	27	2	1	5	1409
alphagov	smartdown	12	2	1	11	3276
alphagov	smartanswer-to-smartdown	1	1	0	1	520
alphagov	contacts-frontend	1	1	2	12	537
alphagov	battlestations	4	1	0	3	264
alphagov	exemplar-screens	7	8	2	9	56358
alphagov	support-api	1	1	0	14	908
alphagov	performanceplatform-client.py	1	1	0	9	800
alphagov	pp-content-dashboards	1	1	0	4	356
alphagov	hmrc-manuals-api	2	2	0	9	1892
alphagov	node-performance-harness	1	2	3	1	243
alphagov	spotlight-performance	1	1	0	1	3048
alphagov	govuk_support_models	1	1	0	1	136
alphagov	short-url-manager	1	1	1	10	954
alphagov	performanceplatform-admin	1	3	1	10	2913
alphagov	locate-api	3	1	0	1	1019
alphagov	locate-api-frontend	2	1	0	3	632
alphagov	collections-publisher	1	1	1	7	688
alphagov	govuk-component-guide	4	1	1	5	351
alphagov	gradle-gatling-plugin	4	5	1	5	262
alphagov	sidekiq-monitoring	2	1	0	7	430
alphagov	vitruvius	0	0	0	4	52868
alphagov	performanceplatform-notifier	1	1	0	7	1238
alphagov	url-arbiter	1	1	0	8	434
alphagov	rollcall	1	1	0	2	212
alphagov	collections-api	1	1	0	7	745
alphagov	info-frontend	2	1	1	9	911
alphagov	metadata-api	1	1	0	5	584
alphagov	govuk-client-url_arbiter	1	1	0	4	265
alphagov	supplier-submission-portal	6	11	1	9	28122
alphagov	digital-marketplace-ssp-content	0	0	0	7	833
alphagov	email-alert-service	0	0	0	6	1748
alphagov	email-alert-api	0	0	2	12	3576
alphagov	albi	0	0	0	2	120
alphagov	cloudflare-configure	0	0	0	6	784
alphagov	call-rota	0	0	0	3	592
alphagov	gds-peoplefinder	0	0	1	1	296
alphagov	architecture-public	1	0	0	3	760
alphagov	performance-datastore	0	0	1	1	1220
alphagov	content-register	0	0	0	5	1116
alphagov	government-frontend	1	0	0	8	678
alphagov	performanceplatform-big-screen-view	0	0	0	4	2628
alphagov	performanceplatform-client.js	1	0	1	5	1936
alphagov	digitalmarketplace-api	1	0	2	4	1180
alphagov	digitalmarketplace-deployment	0	0	2	3	652
alphagov	performance-frontend	0	0	1	1	408
alphagov	courts-api	0	1	0	5	909
alphagov	govuk_template_ejs	0	0	0	3	807
alphagov	govuk-content-schemas	0	0	0	3	940
alphagov	puppet-heka	0	0	0	5	480
alphagov	performanceplatform-client.go	0	0	1	3	384
alphagov	publishing-api	0	0	0	2	560
alphagov	email-alert-monitor	0	0	1	2	292
alphagov	courts-frontend	1	0	0	2	488
alphagov	pp-self-serve	0	0	0	1	768
alphagov	digitalmarketplace-frontend-toolkit	2	0	0	2	2336
alphagov	performanceplatform-selfserve	0	0	0	5	5988
alphagov	gds-present	0	0	0	8	168
alphagov	performanceplatform-organisation-api	0	0	0	5	376
alphagov	entity-extractor	0	0	0	3	304
alphagov	puppet-pgpool2	0	0	0	1	100
alphagov	event-store	0	0	0	2	0
alphagov	entity-manager	0	0	0	2	0
alphagov	testify	0	0	0	1	970
alphagov	bigquery-download	0	0	0	1	0
