orgname	name	star_count	forks	issues	contributors	size
cleveland-metroparks	tree-interpolator	4	2	0	1	86980
cleveland-metroparks	geojson.io	1	0	0	8	2772
cleveland-metroparks	trailsforthepeople	6	0	42	3	272792
cleveland-metroparks	cleveland-metroparks.github.io	6	0	0	2	861849
cleveland-metroparks	invasive-plants-atlas	0	0	0	1	49940
cleveland-metroparks	oram-forms	0	0	0	1	156
cleveland-metroparks	cm-geodata	0	0	0	1	504
cleveland-metroparks	wit	1	0	0	1	4018
cleveland-metroparks	trailsforthepeople-styles	2	0	0	3	659908
cleveland-metroparks	apt	0	0	0	1	29092
cleveland-metroparks	gis-staff-pre	0	0	0	1	11228
cleveland-metroparks	test	0	0	0	1	132
cleveland-metroparks	rescraper	1	0	0	1	124
cleveland-metroparks	tree-interpolator-orig	0	0	0	1	2568
cleveland-metroparks	maps	0	0	0	1	143404
cleveland-metroparks	zooresourcelibrary	0	0	0	0	0
cleveland-metroparks	parktime	1	0	0	1	132
cleveland-metroparks	nc_homerange	0	0	0	1	820
cleveland-metroparks	coyote	0	1	0	1	8728
cleveland-metroparks	trailsforthepeople-data	0	0	0	1	147500
cleveland-metroparks	nr	0	0	0	1	324
cleveland-metroparks	BEHI	0	0	0	1	345872
cleveland-metroparks	presentations	0	0	0	3	85084
cleveland-metroparks	capital	0	0	0	1	424
cleveland-metroparks	signs	0	0	0	1	128
cleveland-metroparks	sites	0	0	0	1	2876
cleveland-metroparks	pds	0	0	0	1	1880
cleveland-metroparks	nurseries	0	0	0	1	4268
