orgname	name	star_count	forks	issues	contributors	size
cooperhewitt	Planetary	167	23	10	5	37188
cooperhewitt	amazon_s3	2	2	0	0	116
cooperhewitt	collection	86	24	3	3	661625
cooperhewitt	flamework-elasticsearch	2	2	0	1	95
cooperhewitt	collection-tools	1	2	0	0	102
cooperhewitt	collection-people	2	2	1	1	174
cooperhewitt	flamework-wikipedia-api	0	0	0	0	93
cooperhewitt	py-cooperhewitt-api	2	1	0	2	197
cooperhewitt	solr-whosonfirst	6	1	0	1	529
cooperhewitt	solr-whosonfirst-data	1	1	0	1	83203
cooperhewitt	palette-server	10	4	1	4	432
cooperhewitt	shannon-server	2	2	0	3	150
cooperhewitt	tms-tools	2	2	0	3	219
cooperhewitt	flamework-cooperhewitt-api	0	0	0	0	104
cooperhewitt	PlanetaryExtras	13	1	0	2	181534
cooperhewitt	plumbing-iplookup-server	2	2	0	1	107
cooperhewitt	flamework-persona	0	0	0	1	400
cooperhewitt	collection-wall	1	2	0	1	651
cooperhewitt	objectphone	2	3	0	1	237
cooperhewitt	panel-of-experts	4	1	0	2	132
cooperhewitt	comparison-server	1	2	0	1	128
cooperhewitt	download-tool	1	2	0	1	236
cooperhewitt	d3-timeline-event-horizon	6	5	0	2	709
cooperhewitt	rijksmuseum-collection	1	0	0	2	24524
cooperhewitt	chromecast-signage	39	17	1	5	5347
cooperhewitt	py-cooperhewitt-csvtools	1	1	0	1	145
cooperhewitt	what-would-micah-say	2	1	0	2	80
cooperhewitt	label-whisperer	4	1	2	2	335
cooperhewitt	csv-me	1	0	0	1	300
cooperhewitt	plumbing-shannon-server	0	1	0	2	306
cooperhewitt	node-cooperhewitt	1	0	0	1	124
cooperhewitt	py-slack-api	1	1	1	2	199
cooperhewitt	py-flamework-api	0	1	0	1	137
cooperhewitt	node-artisanal-integers	0	0	0	1	108
cooperhewitt	plumbing-atkinson-server	1	1	0	2	215
cooperhewitt	cooperhewitt-typeface	82	10	4	3	2112
cooperhewitt	metmuseum-tools	0	0	0	1	138
cooperhewitt	py-cooperhewitt-swatchbook	3	2	0	2	226
cooperhewitt	go-pubsocketd	0	1	0	2	391
cooperhewitt	collection-elasticsearch	6	0	0	1	143
cooperhewitt	vidsmanger	2	0	0	2	444
cooperhewitt	gearman-tools	0	0	0	1	140
cooperhewitt	memcache-tools	0	1	0	1	90
cooperhewitt	py-cooperhewitt-flask	0	0	0	1	216
cooperhewitt	py-cooperhewitt-roboteyes	0	0	0	1	160
cooperhewitt	py-cooperhewitt-roboteyes-shannon	0	1	0	2	132
cooperhewitt	py-cooperhewitt-roboteyes-atkinson	0	1	0	1	138
cooperhewitt	py-cooperhewitt-roboteyes-opencv	0	0	0	1	272
cooperhewitt	plumbing-palette-server	0	1	0	1	250
cooperhewitt	datetime-tools	0	0	0	1	104
cooperhewitt	py-cooperhewitt-roboteyes-colors	0	1	0	0	99
cooperhewitt	py-cooperhewitt-unicode	1	1	0	2	372
cooperhewitt	go-ucd	1	1	0	2	913
cooperhewitt	plumbing-ucd-server	0	0	0	2	160
cooperhewitt	py-cooperhewitt-roboteyes-ascii	0	0	0	1	116
cooperhewitt	http-tools	0	0	0	1	100
