orgname	name	star_count	forks	issues	contributors	size
Department-for-Work-and-Pensions	ClaimCapture	5	1	0	14	26104
Department-for-Work-and-Pensions	Prototype	0	0	1	1	2124
Department-for-Work-and-Pensions	Multi-Messages	0	0	0	3	224
Department-for-Work-and-Pensions	CarersAllowanceStaffAccess	0	0	0	7	1704
Department-for-Work-and-Pensions	ClaimReceived	0	0	0	3	196
Department-for-Work-and-Pensions	RenderingService	0	0	0	6	2740
Department-for-Work-and-Pensions	WSCommons	0	0	0	2	0
Department-for-Work-and-Pensions	XMLCommons	0	0	0	4	0
