orgname	name	star_count	forks	issues	contributors	size
guidance-guarantee-programme	prototypes	0	0	0	3	2672
guidance-guarantee-programme	register_your_interest	0	0	1	4	2392
guidance-guarantee-programme	docker-ruby	0	0	0	1	172
guidance-guarantee-programme	docker-base	0	0	0	1	132
guidance-guarantee-programme	docker-rails_build	0	0	0	1	132
guidance-guarantee-programme	alpha	0	0	0	4	1372
guidance-guarantee-programme	pension_guidance	0	0	0	7	2880
guidance-guarantee-programme	dashboards	0	0	0	1	640
guidance-guarantee-programme	docker-jenkins	0	0	0	1	172
guidance-guarantee-programme	deployment-thing-wip	0	0	0	1	112
