orgname	name	star_count	forks	issues	contributors	size
MetropolitanTransportationCommission	travel-housing-map	2	1	0	3	185201
MetropolitanTransportationCommission	travel-model-one	1	0	0	2	149352
MetropolitanTransportationCommission	anonymous-clipper	0	0	0	1	704
MetropolitanTransportationCommission	onboard-surveys	0	0	0	2	3996
MetropolitanTransportationCommission	travel-model-two	1	0	4	2	39324
MetropolitanTransportationCommission	rtp-2017-urbansim-inputs	0	0	0	1	184
MetropolitanTransportationCommission	VitalSigns_Development	2	0	0	0	10116
MetropolitanTransportationCommission	VitalSigns_Nodejs	0	0	0	1	2848
MetropolitanTransportationCommission	aggregate-fastrak	0	0	0	1	260
MetropolitanTransportationCommission	popsyn3	0	0	0	1	17924
MetropolitanTransportationCommission	pems-typical-weekday	0	0	0	1	448
MetropolitanTransportationCommission	bart-typical-weekday	0	0	0	1	0
