orgname	name	star_count	forks	issues	contributors	size
peacecorps	medlink	29	28	25	24	6800
peacecorps	realtrack-android	1	4	4	2	70964
peacecorps	peace-corps-volunteer-stats	1	1	1	1	453
peacecorps	realtrack-ios	1	1	1	1	112
peacecorps	old_crowdmap	1	3	14	1	10578
peacecorps	Opportunity-Portal	8	2	19	10	25559
peacecorps	malaria-app-readme	0	2	0	1	42062
peacecorps	malaria-app-ios	0	2	11	0	41680
peacecorps	malaria-app-android	1	1	0	3	49848
peacecorps	app-web-server	0	1	0	2	50332
peacecorps	peacetrack-readme	0	2	3	2	13920
peacecorps	peacetrack-ios	0	1	0	2	6213
peacecorps	peacetrack-android	0	1	0	0	6144
peacecorps	language-translation	0	2	5	0	112
peacecorps	realtrack-indicators-api	0	0	0	1	376
peacecorps	crowdmap	1	1	0	53	19665
peacecorps	Welcome-Devs-Introduce-Yourself	3	1	1	0	120
peacecorps	OSM-Dashboard	0	0	4	2	56788
peacecorps	Countries-Regions-REST-API	2	2	2	2	262
