orgname	name	star_count	forks	issues	contributors	size
presidential-innovation-fellows	mygov	21	6	3	8	12395
presidential-innovation-fellows	rfpez	43	19	6	7	9777
presidential-innovation-fellows	sowcomposer	18	2	3	1	1252
presidential-innovation-fellows	rfpez-blog	5	2	0	5	136
presidential-innovation-fellows	apidocs	1	2	1	4	186
presidential-innovation-fellows	rfpez-apis	4	2	2	2	1031
presidential-innovation-fellows	bluebutton	4	3	1	1	1403
presidential-innovation-fellows	fbo-parser	10	2	0	2	216
presidential-innovation-fellows	FormTimer	7	1	1	3	232
presidential-innovation-fellows	rfpez-reports	0	1	0	1	244
presidential-innovation-fellows	rfpez-search	0	1	0	1	172
presidential-innovation-fellows	hire-ez	3	7	11	4	3845
presidential-innovation-fellows	mygov-logo	1	2	0	1	5540
presidential-innovation-fellows	alpha-data-dot-gov	6	5	1	7	1164
presidential-innovation-fellows	mygov-design-assets	2	2	0	1	189656
presidential-innovation-fellows	gbtrack	2	1	0	1	656
presidential-innovation-fellows	PIF-logo-v2	4	1	1	2	8847
presidential-innovation-fellows	backbone-requirejs-bootstrapper	4	1	0	1	13852
presidential-innovation-fellows	fda-aers	2	1	0	1	508
presidential-innovation-fellows	fda-aers-cookbook	1	0	0	1	144
presidential-innovation-fellows	presidential-innovation-fellows.github.io	0	0	1	3	992
presidential-innovation-fellows	FAERS-View	0	0	0	1	312
presidential-innovation-fellows	SAM	0	1	1	1	3008
presidential-innovation-fellows	s3sync_cookbooks	1	1	0	1	188
presidential-innovation-fellows	prices-paid-4-gsa-advantage	1	0	0	1	3265
presidential-innovation-fellows	ridb-kibana	0	0	0	1	992
presidential-innovation-fellows	Unofficial-Infographics-WIP-others	0	1	1	2	23320
presidential-innovation-fellows	gsaAdvPseudoApi	0	0	0	1	364
presidential-innovation-fellows	SoftwareQuickBuy	1	0	0	1	12448
presidential-innovation-fellows	search-sow-lib	0	0	0	1	564
