orgname	name	star_count	forks	issues	contributors	size
qld-gov-au	page-models	0	0	0	3	1392
qld-gov-au	qld-gov-au.github.io	0	0	0	1	136
qld-gov-au	form-builder	0	0	2	2	420
qld-gov-au	qg.swe.charts	0	1	2	1	1209
qld-gov-au	templates	0	0	0	1	128
qld-gov-au	page-organisation-map	0	0	6	1	140
qld-gov-au	SWE-Template	0	0	0	1	29432
qld-gov-au	SWE-Template-Test	0	0	0	1	6708
qld-gov-au	SWE-Template-Sandpit	0	0	0	1	1000
qld-gov-au	qgov-mam-angularjs	0	0	0	6	2624
qld-gov-au	emergency-services	0	0	0	1	600
qld-gov-au	services-directory	0	0	1	2	624
qld-gov-au	orders	0	0	0	1	460
qld-gov-au	smartjobs.qld.gov.au	0	0	2	1	312
qld-gov-au	search-qgov	0	0	0	1	0
