orgname	name	star_count	forks	issues	contributors	size
VHAINNOVATIONS	InfoButtons	7	9	3	9	74260
VHAINNOVATIONS	COMS	2	0	0	4	193660
VHAINNOVATIONS	Maternity-Tracker	1	0	0	1	89445
VHAINNOVATIONS	GE-Pressure-Ulcer	0	1	0	2	269708
VHAINNOVATIONS	Mobile-Distance-Hearing-Aid-Application	1	0	0	2	752
VHAINNOVATIONS	RAPTOR	2	1	0	2	166804
VHAINNOVATIONS	Mental-Health-eScreening	2	3	0	7	95979
VHAINNOVATIONS	VANS	0	0	0	3	19280
VHAINNOVATIONS	AWARE	2	0	0	3	21432
VHAINNOVATIONS	AVS	0	1	0	2	28008
VHAINNOVATIONS	MHV-Enrollment	1	1	0	3	21045
VHAINNOVATIONS	PerceptiveReach	0	1	0	7	92843
VHAINNOVATIONS	REVAMP	0	0	0	1	29740
VHAINNOVATIONS	FamilyHistoryCPRS	0	0	0	1	128
VHAINNOVATIONS	CheckListTool	0	0	0	1	7440
VHAINNOVATIONS	TheDailyPlan	0	0	0	1	128
VHAINNOVATIONS	ASRCM	0	0	0	3	3852
