orgname	name	star_count	forks	issues	contributors	size
wet-boew	wet-boew	642	403	295	34	171252
wet-boew	wet-boew-drupal	128	77	23	16	22188
wet-boew	wet-boew-wordpress	18	17	10	6	31240
wet-boew	wet-boew-php	24	19	17	9	8570
wet-boew	wet-boew-ssi	6	8	0	6	8364
wet-boew	wet-boew-multimedia-fallback	4	1	2	2	927
wet-boew	wet-boew-wpss	14	10	20	3	4429
wet-boew	wet-boew-xsl	2	5	8	1	6784
wet-boew	wet-boew-legacy	2	10	0	4	69895
wet-boew	wet-boew-dotnet	2	7	2	5	1705
wet-boew	wet-boew-attachments	3	7	0	10	74873
wet-boew	wet-boew-sharepoint	6	6	3	3	3068
wet-boew	wet-boew-dotnetnuke	1	0	2	2	11780
wet-boew	wet-boew-mobiledevicebasedapps	1	2	1	1	100
wet-boew	web-reporting	1	0	39	1	104
wet-boew	wet-boew.github.io	4	3	0	4	11759
wet-boew	wet-boew-dist	13	17	0	3	237923
wet-boew	codefest	8	12	11	8	17003
wet-boew	wet-boew-joomla	1	1	0	1	96
wet-boew	wet-boew-jekyll	2	7	3	4	2608
wet-boew	wet-boew-documentation	0	3	3	2	268
wet-boew	wet-boew-ckeditor	0	0	1	1	108
wet-boew	wet-boew-api-standards	4	9	10	8	413
wet-boew	wet-boew-api	0	0	0	2	112
wet-boew	GCWeb	13	25	9	14	8614
wet-boew	generator-wet-boew-theme	4	5	7	3	366
wet-boew	wet-boew-styleguide	13	18	63	13	12004
wet-boew	wet-boew-codecharge	1	1	0	2	217
wet-boew	theme-gcwu-fegc	5	18	8	10	1578
wet-boew	wet-boew-docpad	0	0	0	0	56
wet-boew	theme-gc-intranet	2	15	5	9	1056
wet-boew	techspecs	0	0	0	0	0
wet-boew	theme-base	2	12	0	7	822
wet-boew	theme-ogpl	0	8	0	8	885
wet-boew	themes-dist	2	4	0	2	178144
wet-boew	wet-boew-java-maven	0	0	0	1	192
wet-boew	wiwg_html-data_core-types	0	1	0	1	144
wet-boew	wiwg_html-data_use-cases	0	0	0	0	0
wet-boew	wiwg_api_use-cases	0	0	0	0	0
wet-boew	wiwg_api_current-infrastructure	0	0	0	0	0
wet-boew	wet-boew-student-project	2	4	1	4	5712
wet-boew	grunt-i18n-csv	1	0	2	1	280
wet-boew	canada-demo-site-	0	0	0	1	0
wet-boew	wet-boew-aem	1	0	0	1	0
wet-boew	wet-boew-epub	0	1	0	2	4551
wet-boew	openlayers-dist	0	0	0	1	5988
wet-boew	openlayers	0	0	0	93	14656
wet-boew	grunt-usemin-assets	0	0	0	1	0
wet-boew	wet-boew-release	1	0	1	1	340
wet-boew	node-git-simple	0	0	0	1	184
wet-boew	grunt-wet-boew-postbuild	0	0	0	1	184
wet-boew	wet-boew-drupal-dist	0	1	0	1	92
wet-boew	codefest-transcripts	0	2	1	1	152
