orgname	name	star_count	forks	issues	contributors	size
WSDOT-GIS	VSSnippets	1	0	0	1	145
WSDOT-GIS	ArcMapBookmarkExporter	1	0	0	1	172
WSDOT-GIS	ArcGisTileTest	1	0	0	1	172
WSDOT-GIS	ArcGisServiceDCChecker	1	0	1	1	180
WSDOT-GIS	ArcGISServerLauncher	0	0	0	1	160
WSDOT-GIS	ArcSDE-Metadata-Directory	1	0	0	1	206
WSDOT-GIS	ArcGIS-jQuery-Plugins	6	1	0	1	170
WSDOT-GIS	LayerMetadataSoe	2	0	4	1	520
WSDOT-GIS	FaaObstacleReader	1	0	0	1	196
WSDOT-GIS	ArcGisServerRestApiWrapper	3	0	0	1	357
WSDOT-GIS	faa-dof-gp	1	1	0	1	186
WSDOT-GIS	WSDOT-Traveler-Info-for-ArcGIS-JS	1	0	0	1	336
WSDOT-GIS	wsdot-traffic-gp	1	0	0	1	172
WSDOT-GIS	ogcsimplegeometry	0	0	1	1	328
WSDOT-GIS	ArcGisTiledLayerExtensions	0	0	0	1	141
WSDOT-GIS	local-roads-selector	0	0	0	1	881
WSDOT-GIS	ArcGIS-JS-Client-Projection	1	0	0	1	428
WSDOT-GIS	ArcGIS-Web-Map-Printing-Toolbox	0	0	0	1	153
WSDOT-GIS	FAA-FAR-77-Surface-Generation	1	1	0	1	523
WSDOT-GIS	USGS-Elevation-Task	1	0	0	1	188
WSDOT-GIS	ArcGIS-Print-Test	0	0	0	1	119
WSDOT-GIS	Mobile-Map	1	0	0	1	162
WSDOT-GIS	OsmTilesInArcGisJS	0	0	1	1	237
WSDOT-GIS	LayerFactory	0	1	0	1	307
WSDOT-GIS	Traveler-Info-GeoServices-REST	2	0	0	1	444
WSDOT-GIS	ArcGIS-Portal-Browser	0	1	0	1	124
WSDOT-GIS	ArcSDE-GDB-Info	0	0	0	1	129
WSDOT-GIS	CIA-Local-Roads-Selector	0	0	0	1	688
WSDOT-GIS	CSV-Reader	0	0	1	1	262
WSDOT-GIS	ArcGis-JS-in-ASP.NET-Web-Forms	0	0	0	1	127
WSDOT-GIS	map-extent-popup	0	0	0	1	223
WSDOT-GIS	ArcGIS-JS-with-AJAX-Control-Toolkit	1	1	0	1	268
WSDOT-GIS	faa-far77-gp-batch	0	0	1	1	172
WSDOT-GIS	ArcGIS-License-Checker	0	0	0	1	136
WSDOT-GIS	WSDOT-Traveler-Info-DotNet-Client	0	0	0	1	296
WSDOT-GIS	ArcGIS-Routing-and-Traffic-Demo	0	0	0	1	484
WSDOT-GIS	Alpaca	0	0	3	1	1680
WSDOT-GIS	osm-search	0	0	0	1	152
WSDOT-GIS	CSV-Reader-Demo	0	0	0	1	248
WSDOT-GIS	CSV-Reader-Docs	0	0	0	1	172
WSDOT-GIS	GTFS.NET	2	2	1	1	842
WSDOT-GIS	GTFS-Service	0	0	1	1	544
WSDOT-GIS	Layer-Metadata-SOE-JS-Client	0	0	0	1	168
WSDOT-GIS	Traveler-Information-LeafletJS-Map	1	0	5	1	468
WSDOT-GIS	WSDOT-Traveler-Info-Icons	0	0	0	1	208
WSDOT-GIS	ogc-simple-geometry-test	0	0	0	1	256
WSDOT-GIS	parse-and-project-test	0	0	0	1	115
WSDOT-GIS	arcgis-relation-demo	0	0	0	1	236
WSDOT-GIS	Wamas-Client	2	0	0	1	188
WSDOT-GIS	GTFS-JS	1	0	0	1	264
WSDOT-GIS	fc-legend	0	0	0	1	164
WSDOT-GIS	Wamas-JS-Client	2	0	2	1	216
WSDOT-GIS	GeoPortal	0	0	3	1	3652
WSDOT-GIS	elc-js	0	0	1	1	248
WSDOT-GIS	elc-selector	0	0	0	1	632
WSDOT-GIS	gp-locate-points-along-specific-routes	0	0	1	1	176
WSDOT-GIS	elcpy	0	0	0	1	244
WSDOT-GIS	Geoportal-Bootstrap	1	0	2	1	772
WSDOT-GIS	ArcGis-Route-UI	0	0	1	1	284
WSDOT-GIS	usgs-elevation-dotnet	0	0	0	1	127
WSDOT-GIS	elc-dotnet-client	0	0	1	1	256
WSDOT-GIS	dor-tax-rate-reader	0	0	0	1	492
WSDOT-GIS	dor-tax-info-importer-py	0	0	0	1	1136
WSDOT-GIS	dms-js	0	0	0	1	156
WSDOT-GIS	arcgis-map-thumbnail-builder	0	0	3	1	228
WSDOT-GIS	bridge-clearance-app	0	0	14	0	0
WSDOT-GIS	NetTopologySuiteDoxygen	0	0	0	1	4412
